Année,Juridiction,"Nombre d'emplois",Secteur
2000,Canada,61600,Foresterie et exploitation forestière
2000,Canada,106945,Fabrication du papier
2000,Canada,22720,Activités de soutien à la foresterie
2000,Canada,158705,Fabrication de produits en bois
2000,Alberta,2920,Foresterie et exploitation forestière
2000,Alberta,4505,Fabrication du papier
2000,Alberta,1895,Activités de soutien à la foresterie
2000,Alberta,11400,Fabrication de produits en bois
2000,Colombie-Britannique,23960,Foresterie et exploitation forestière
2000,Colombie-Britannique,21900,Fabrication du papier
2000,Colombie-Britannique,9800,Activités de soutien à la foresterie
2000,Colombie-Britannique,46110,Fabrication de produits en bois
2000,Manitoba,700,Foresterie et exploitation forestière
2000,Manitoba,2635,Fabrication du papier
2000,Manitoba,605,Activités de soutien à la foresterie
2000,Manitoba,5280,Fabrication de produits en bois
2000,Nouveau-Brunswick,5050,Foresterie et exploitation forestière
2000,Nouveau-Brunswick,3790,Fabrication du papier
2000,Nouveau-Brunswick,1320,Activités de soutien à la foresterie
2000,Nouveau-Brunswick,6470,Fabrication de produits en bois
2000,Terre-Neuve-et-Labrador,1260,Foresterie et exploitation forestière
2000,Terre-Neuve-et-Labrador,1440,Fabrication du papier
2000,Terre-Neuve-et-Labrador,280,Activités de soutien à la foresterie
2000,Terre-Neuve-et-Labrador,650,Fabrication de produits en bois
2000,Territoires du Nord-Ouest,50,Foresterie et exploitation forestière
2000,Territoires du Nord-Ouest,0,Fabrication du papier
2000,Territoires du Nord-Ouest,175,Activités de soutien à la foresterie
2000,Territoires du Nord-Ouest,20,Fabrication de produits en bois
2000,Nouvelle-Écosse,2360,Foresterie et exploitation forestière
2000,Nouvelle-Écosse,2850,Fabrication du papier
2000,Nouvelle-Écosse,655,Activités de soutien à la foresterie
2000,Nouvelle-Écosse,3915,Fabrication de produits en bois
2000,Nunavut,0,Foresterie et exploitation forestière
2000,Nunavut,0,Fabrication du papier
2000,Nunavut,0,Activités de soutien à la foresterie
2000,Nunavut,0,Fabrication de produits en bois
2000,Ontario,9785,Foresterie et exploitation forestière
2000,Ontario,35015,Fabrication du papier
2000,Ontario,2355,Activités de soutien à la foresterie
2000,Ontario,37040,Fabrication de produits en bois
2000,Île-du-Prince-Édouard,120,Foresterie et exploitation forestière
2000,Île-du-Prince-Édouard,65,Fabrication du papier
2000,Île-du-Prince-Édouard,65,Activités de soutien à la foresterie
2000,Île-du-Prince-Édouard,220,Fabrication de produits en bois
2000,Québec,14375,Foresterie et exploitation forestière
2000,Québec,33240,Fabrication du papier
2000,Québec,4230,Activités de soutien à la foresterie
2000,Québec,45355,Fabrication de produits en bois
2000,Saskatchewan,965,Foresterie et exploitation forestière
2000,Saskatchewan,1505,Fabrication du papier
2000,Saskatchewan,1330,Activités de soutien à la foresterie
2000,Saskatchewan,2195,Fabrication de produits en bois
2000,Yukon,55,Foresterie et exploitation forestière
2000,Yukon,0,Fabrication du papier
2000,Yukon,10,Activités de soutien à la foresterie
2000,Yukon,50,Fabrication de produits en bois
2001,Canada,58715,Foresterie et exploitation forestière
2001,Canada,103535,Fabrication du papier
2001,Canada,21240,Activités de soutien à la foresterie
2001,Canada,149975,Fabrication de produits en bois
2001,Alberta,3095,Foresterie et exploitation forestière
2001,Alberta,3515,Fabrication du papier
2001,Alberta,1745,Activités de soutien à la foresterie
2001,Alberta,10700,Fabrication de produits en bois
2001,Colombie-Britannique,23055,Foresterie et exploitation forestière
2001,Colombie-Britannique,16515,Fabrication du papier
2001,Colombie-Britannique,8220,Activités de soutien à la foresterie
2001,Colombie-Britannique,39840,Fabrication de produits en bois
2001,Manitoba,625,Foresterie et exploitation forestière
2001,Manitoba,3035,Fabrication du papier
2001,Manitoba,725,Activités de soutien à la foresterie
2001,Manitoba,4625,Fabrication de produits en bois
2001,Nouveau-Brunswick,4735,Foresterie et exploitation forestière
2001,Nouveau-Brunswick,3665,Fabrication du papier
2001,Nouveau-Brunswick,1295,Activités de soutien à la foresterie
2001,Nouveau-Brunswick,6140,Fabrication de produits en bois
2001,Terre-Neuve-et-Labrador,1205,Foresterie et exploitation forestière
2001,Terre-Neuve-et-Labrador,1445,Fabrication du papier
2001,Terre-Neuve-et-Labrador,280,Activités de soutien à la foresterie
2001,Terre-Neuve-et-Labrador,810,Fabrication de produits en bois
2001,Territoires du Nord-Ouest,30,Foresterie et exploitation forestière
2001,Territoires du Nord-Ouest,0,Fabrication du papier
2001,Territoires du Nord-Ouest,165,Activités de soutien à la foresterie
2001,Territoires du Nord-Ouest,15,Fabrication de produits en bois
2001,Nouvelle-Écosse,2280,Foresterie et exploitation forestière
2001,Nouvelle-Écosse,2860,Fabrication du papier
2001,Nouvelle-Écosse,645,Activités de soutien à la foresterie
2001,Nouvelle-Écosse,3485,Fabrication de produits en bois
2001,Nunavut,0,Foresterie et exploitation forestière
2001,Nunavut,0,Fabrication du papier
2001,Nunavut,0,Activités de soutien à la foresterie
2001,Nunavut,0,Fabrication de produits en bois
2001,Ontario,8970,Foresterie et exploitation forestière
2001,Ontario,36045,Fabrication du papier
2001,Ontario,2430,Activités de soutien à la foresterie
2001,Ontario,35950,Fabrication de produits en bois
2001,Île-du-Prince-Édouard,105,Foresterie et exploitation forestière
2001,Île-du-Prince-Édouard,70,Fabrication du papier
2001,Île-du-Prince-Édouard,50,Activités de soutien à la foresterie
2001,Île-du-Prince-Édouard,290,Fabrication de produits en bois
2001,Québec,13525,Foresterie et exploitation forestière
2001,Québec,35185,Fabrication du papier
2001,Québec,4330,Activités de soutien à la foresterie
2001,Québec,46355,Fabrication de produits en bois
2001,Saskatchewan,1045,Foresterie et exploitation forestière
2001,Saskatchewan,1200,Fabrication du papier
2001,Saskatchewan,1345,Activités de soutien à la foresterie
2001,Saskatchewan,1730,Fabrication de produits en bois
2001,Yukon,45,Foresterie et exploitation forestière
2001,Yukon,0,Fabrication du papier
2001,Yukon,10,Activités de soutien à la foresterie
2001,Yukon,35,Fabrication de produits en bois
2002,Canada,59330,Foresterie et exploitation forestière
2002,Canada,95790,Fabrication du papier
2002,Canada,20935,Activités de soutien à la foresterie
2002,Canada,153770,Fabrication de produits en bois
2002,Alberta,2930,Foresterie et exploitation forestière
2002,Alberta,3405,Fabrication du papier
2002,Alberta,1605,Activités de soutien à la foresterie
2002,Alberta,12075,Fabrication de produits en bois
2002,Colombie-Britannique,23800,Foresterie et exploitation forestière
2002,Colombie-Britannique,14130,Fabrication du papier
2002,Colombie-Britannique,8085,Activités de soutien à la foresterie
2002,Colombie-Britannique,41915,Fabrication de produits en bois
2002,Manitoba,645,Foresterie et exploitation forestière
2002,Manitoba,2380,Fabrication du papier
2002,Manitoba,695,Activités de soutien à la foresterie
2002,Manitoba,4415,Fabrication de produits en bois
2002,Nouveau-Brunswick,4975,Foresterie et exploitation forestière
2002,Nouveau-Brunswick,3925,Fabrication du papier
2002,Nouveau-Brunswick,1235,Activités de soutien à la foresterie
2002,Nouveau-Brunswick,6100,Fabrication de produits en bois
2002,Terre-Neuve-et-Labrador,1175,Foresterie et exploitation forestière
2002,Terre-Neuve-et-Labrador,1160,Fabrication du papier
2002,Terre-Neuve-et-Labrador,295,Activités de soutien à la foresterie
2002,Terre-Neuve-et-Labrador,675,Fabrication de produits en bois
2002,Territoires du Nord-Ouest,15,Foresterie et exploitation forestière
2002,Territoires du Nord-Ouest,0,Fabrication du papier
2002,Territoires du Nord-Ouest,175,Activités de soutien à la foresterie
2002,Territoires du Nord-Ouest,10,Fabrication de produits en bois
2002,Nouvelle-Écosse,2300,Foresterie et exploitation forestière
2002,Nouvelle-Écosse,2165,Fabrication du papier
2002,Nouvelle-Écosse,680,Activités de soutien à la foresterie
2002,Nouvelle-Écosse,3350,Fabrication de produits en bois
2002,Nunavut,0,Foresterie et exploitation forestière
2002,Nunavut,0,Fabrication du papier
2002,Nunavut,0,Activités de soutien à la foresterie
2002,Nunavut,0,Fabrication de produits en bois
2002,Ontario,8595,Foresterie et exploitation forestière
2002,Ontario,33875,Fabrication du papier
2002,Ontario,2210,Activités de soutien à la foresterie
2002,Ontario,35255,Fabrication de produits en bois
2002,Île-du-Prince-Édouard,110,Foresterie et exploitation forestière
2002,Île-du-Prince-Édouard,75,Fabrication du papier
2002,Île-du-Prince-Édouard,55,Activités de soutien à la foresterie
2002,Île-du-Prince-Édouard,305,Fabrication de produits en bois
2002,Québec,13705,Foresterie et exploitation forestière
2002,Québec,33330,Fabrication du papier
2002,Québec,4540,Activités de soutien à la foresterie
2002,Québec,47660,Fabrication de produits en bois
2002,Saskatchewan,1035,Foresterie et exploitation forestière
2002,Saskatchewan,1345,Fabrication du papier
2002,Saskatchewan,1350,Activités de soutien à la foresterie
2002,Saskatchewan,1980,Fabrication de produits en bois
2002,Yukon,45,Foresterie et exploitation forestière
2002,Yukon,0,Fabrication du papier
2002,Yukon,10,Activités de soutien à la foresterie
2002,Yukon,30,Fabrication de produits en bois
2003,Canada,56200,Foresterie et exploitation forestière
2003,Canada,91515,Fabrication du papier
2003,Canada,21680,Activités de soutien à la foresterie
2003,Canada,150480,Fabrication de produits en bois
2003,Alberta,2555,Foresterie et exploitation forestière
2003,Alberta,3500,Fabrication du papier
2003,Alberta,1650,Activités de soutien à la foresterie
2003,Alberta,12385,Fabrication de produits en bois
2003,Colombie-Britannique,22580,Foresterie et exploitation forestière
2003,Colombie-Britannique,12040,Fabrication du papier
2003,Colombie-Britannique,7805,Activités de soutien à la foresterie
2003,Colombie-Britannique,40130,Fabrication de produits en bois
2003,Manitoba,625,Foresterie et exploitation forestière
2003,Manitoba,2205,Fabrication du papier
2003,Manitoba,620,Activités de soutien à la foresterie
2003,Manitoba,4940,Fabrication de produits en bois
2003,Nouveau-Brunswick,3945,Foresterie et exploitation forestière
2003,Nouveau-Brunswick,3965,Fabrication du papier
2003,Nouveau-Brunswick,1340,Activités de soutien à la foresterie
2003,Nouveau-Brunswick,6065,Fabrication de produits en bois
2003,Terre-Neuve-et-Labrador,965,Foresterie et exploitation forestière
2003,Terre-Neuve-et-Labrador,925,Fabrication du papier
2003,Terre-Neuve-et-Labrador,300,Activités de soutien à la foresterie
2003,Terre-Neuve-et-Labrador,580,Fabrication de produits en bois
2003,Territoires du Nord-Ouest,15,Foresterie et exploitation forestière
2003,Territoires du Nord-Ouest,0,Fabrication du papier
2003,Territoires du Nord-Ouest,180,Activités de soutien à la foresterie
2003,Territoires du Nord-Ouest,5,Fabrication de produits en bois
2003,Nouvelle-Écosse,2230,Foresterie et exploitation forestière
2003,Nouvelle-Écosse,1930,Fabrication du papier
2003,Nouvelle-Écosse,620,Activités de soutien à la foresterie
2003,Nouvelle-Écosse,3385,Fabrication de produits en bois
2003,Nunavut,0,Foresterie et exploitation forestière
2003,Nunavut,0,Fabrication du papier
2003,Nunavut,0,Activités de soutien à la foresterie
2003,Nunavut,0,Fabrication de produits en bois
2003,Ontario,8100,Foresterie et exploitation forestière
2003,Ontario,34970,Fabrication du papier
2003,Ontario,2685,Activités de soutien à la foresterie
2003,Ontario,36010,Fabrication de produits en bois
2003,Île-du-Prince-Édouard,130,Foresterie et exploitation forestière
2003,Île-du-Prince-Édouard,60,Fabrication du papier
2003,Île-du-Prince-Édouard,35,Activités de soutien à la foresterie
2003,Île-du-Prince-Édouard,345,Fabrication de produits en bois
2003,Québec,14030,Foresterie et exploitation forestière
2003,Québec,30435,Fabrication du papier
2003,Québec,5030,Activités de soutien à la foresterie
2003,Québec,44345,Fabrication de produits en bois
2003,Saskatchewan,985,Foresterie et exploitation forestière
2003,Saskatchewan,1485,Fabrication du papier
2003,Saskatchewan,1405,Activités de soutien à la foresterie
2003,Saskatchewan,2260,Fabrication de produits en bois
2003,Yukon,40,Foresterie et exploitation forestière
2003,Yukon,0,Fabrication du papier
2003,Yukon,10,Activités de soutien à la foresterie
2003,Yukon,30,Fabrication de produits en bois
2004,Canada,56610,Foresterie et exploitation forestière
2004,Canada,90785,Fabrication du papier
2004,Canada,20305,Activités de soutien à la foresterie
2004,Canada,161165,Fabrication de produits en bois
2004,Alberta,2875,Foresterie et exploitation forestière
2004,Alberta,3425,Fabrication du papier
2004,Alberta,1920,Activités de soutien à la foresterie
2004,Alberta,13655,Fabrication de produits en bois
2004,Colombie-Britannique,23580,Foresterie et exploitation forestière
2004,Colombie-Britannique,14340,Fabrication du papier
2004,Colombie-Britannique,6775,Activités de soutien à la foresterie
2004,Colombie-Britannique,46495,Fabrication de produits en bois
2004,Manitoba,595,Foresterie et exploitation forestière
2004,Manitoba,2080,Fabrication du papier
2004,Manitoba,605,Activités de soutien à la foresterie
2004,Manitoba,5430,Fabrication de produits en bois
2004,Nouveau-Brunswick,3630,Foresterie et exploitation forestière
2004,Nouveau-Brunswick,4175,Fabrication du papier
2004,Nouveau-Brunswick,1305,Activités de soutien à la foresterie
2004,Nouveau-Brunswick,6020,Fabrication de produits en bois
2004,Terre-Neuve-et-Labrador,975,Foresterie et exploitation forestière
2004,Terre-Neuve-et-Labrador,720,Fabrication du papier
2004,Terre-Neuve-et-Labrador,290,Activités de soutien à la foresterie
2004,Terre-Neuve-et-Labrador,585,Fabrication de produits en bois
2004,Territoires du Nord-Ouest,10,Foresterie et exploitation forestière
2004,Territoires du Nord-Ouest,0,Fabrication du papier
2004,Territoires du Nord-Ouest,180,Activités de soutien à la foresterie
2004,Territoires du Nord-Ouest,15,Fabrication de produits en bois
2004,Nouvelle-Écosse,2265,Foresterie et exploitation forestière
2004,Nouvelle-Écosse,2210,Fabrication du papier
2004,Nouvelle-Écosse,635,Activités de soutien à la foresterie
2004,Nouvelle-Écosse,3385,Fabrication de produits en bois
2004,Nunavut,0,Foresterie et exploitation forestière
2004,Nunavut,0,Fabrication du papier
2004,Nunavut,0,Activités de soutien à la foresterie
2004,Nunavut,0,Fabrication de produits en bois
2004,Ontario,7980,Foresterie et exploitation forestière
2004,Ontario,33880,Fabrication du papier
2004,Ontario,2230,Activités de soutien à la foresterie
2004,Ontario,36235,Fabrication de produits en bois
2004,Île-du-Prince-Édouard,80,Foresterie et exploitation forestière
2004,Île-du-Prince-Édouard,105,Fabrication du papier
2004,Île-du-Prince-Édouard,25,Activités de soutien à la foresterie
2004,Île-du-Prince-Édouard,330,Fabrication de produits en bois
2004,Québec,13740,Foresterie et exploitation forestière
2004,Québec,28235,Fabrication du papier
2004,Québec,5000,Activités de soutien à la foresterie
2004,Québec,45445,Fabrication de produits en bois
2004,Saskatchewan,850,Foresterie et exploitation forestière
2004,Saskatchewan,1615,Fabrication du papier
2004,Saskatchewan,1330,Activités de soutien à la foresterie
2004,Saskatchewan,3555,Fabrication de produits en bois
2004,Yukon,30,Foresterie et exploitation forestière
2004,Yukon,0,Fabrication du papier
2004,Yukon,10,Activités de soutien à la foresterie
2004,Yukon,15,Fabrication de produits en bois
2005,Canada,56710,Foresterie et exploitation forestière
2005,Canada,90845,Fabrication du papier
2005,Canada,20405,Activités de soutien à la foresterie
2005,Canada,152745,Fabrication de produits en bois
2005,Alberta,2885,Foresterie et exploitation forestière
2005,Alberta,3370,Fabrication du papier
2005,Alberta,1870,Activités de soutien à la foresterie
2005,Alberta,12350,Fabrication de produits en bois
2005,Colombie-Britannique,23515,Foresterie et exploitation forestière
2005,Colombie-Britannique,15255,Fabrication du papier
2005,Colombie-Britannique,6735,Activités de soutien à la foresterie
2005,Colombie-Britannique,43690,Fabrication de produits en bois
2005,Manitoba,595,Foresterie et exploitation forestière
2005,Manitoba,2060,Fabrication du papier
2005,Manitoba,600,Activités de soutien à la foresterie
2005,Manitoba,5040,Fabrication de produits en bois
2005,Nouveau-Brunswick,3410,Foresterie et exploitation forestière
2005,Nouveau-Brunswick,2650,Fabrication du papier
2005,Nouveau-Brunswick,1250,Activités de soutien à la foresterie
2005,Nouveau-Brunswick,6185,Fabrication de produits en bois
2005,Terre-Neuve-et-Labrador,885,Foresterie et exploitation forestière
2005,Terre-Neuve-et-Labrador,665,Fabrication du papier
2005,Terre-Neuve-et-Labrador,270,Activités de soutien à la foresterie
2005,Terre-Neuve-et-Labrador,540,Fabrication de produits en bois
2005,Territoires du Nord-Ouest,15,Foresterie et exploitation forestière
2005,Territoires du Nord-Ouest,0,Fabrication du papier
2005,Territoires du Nord-Ouest,165,Activités de soutien à la foresterie
2005,Territoires du Nord-Ouest,10,Fabrication de produits en bois
2005,Nouvelle-Écosse,2170,Foresterie et exploitation forestière
2005,Nouvelle-Écosse,2185,Fabrication du papier
2005,Nouvelle-Écosse,600,Activités de soutien à la foresterie
2005,Nouvelle-Écosse,3320,Fabrication de produits en bois
2005,Nunavut,0,Foresterie et exploitation forestière
2005,Nunavut,0,Fabrication du papier
2005,Nunavut,0,Activités de soutien à la foresterie
2005,Nunavut,0,Fabrication de produits en bois
2005,Ontario,8555,Foresterie et exploitation forestière
2005,Ontario,32675,Fabrication du papier
2005,Ontario,2605,Activités de soutien à la foresterie
2005,Ontario,34315,Fabrication de produits en bois
2005,Île-du-Prince-Édouard,65,Foresterie et exploitation forestière
2005,Île-du-Prince-Édouard,125,Fabrication du papier
2005,Île-du-Prince-Édouard,15,Activités de soutien à la foresterie
2005,Île-du-Prince-Édouard,360,Fabrication de produits en bois
2005,Québec,13895,Foresterie et exploitation forestière
2005,Québec,30385,Fabrication du papier
2005,Québec,5125,Activités de soutien à la foresterie
2005,Québec,43540,Fabrication de produits en bois
2005,Saskatchewan,695,Foresterie et exploitation forestière
2005,Saskatchewan,1475,Fabrication du papier
2005,Saskatchewan,1160,Activités de soutien à la foresterie
2005,Saskatchewan,3370,Fabrication de produits en bois
2005,Yukon,25,Foresterie et exploitation forestière
2005,Yukon,0,Fabrication du papier
2005,Yukon,10,Activités de soutien à la foresterie
2005,Yukon,25,Fabrication de produits en bois
2006,Canada,49960,Foresterie et exploitation forestière
2006,Canada,83915,Fabrication du papier
2006,Canada,21435,Activités de soutien à la foresterie
2006,Canada,135690,Fabrication de produits en bois
2006,Alberta,3025,Foresterie et exploitation forestière
2006,Alberta,3625,Fabrication du papier
2006,Alberta,1990,Activités de soutien à la foresterie
2006,Alberta,12480,Fabrication de produits en bois
2006,Colombie-Britannique,18815,Foresterie et exploitation forestière
2006,Colombie-Britannique,14715,Fabrication du papier
2006,Colombie-Britannique,7625,Activités de soutien à la foresterie
2006,Colombie-Britannique,37855,Fabrication de produits en bois
2006,Manitoba,575,Foresterie et exploitation forestière
2006,Manitoba,1710,Fabrication du papier
2006,Manitoba,570,Activités de soutien à la foresterie
2006,Manitoba,4455,Fabrication de produits en bois
2006,Nouveau-Brunswick,3195,Foresterie et exploitation forestière
2006,Nouveau-Brunswick,2770,Fabrication du papier
2006,Nouveau-Brunswick,1245,Activités de soutien à la foresterie
2006,Nouveau-Brunswick,5390,Fabrication de produits en bois
2006,Terre-Neuve-et-Labrador,840,Foresterie et exploitation forestière
2006,Terre-Neuve-et-Labrador,1020,Fabrication du papier
2006,Terre-Neuve-et-Labrador,260,Activités de soutien à la foresterie
2006,Terre-Neuve-et-Labrador,460,Fabrication de produits en bois
2006,Territoires du Nord-Ouest,15,Foresterie et exploitation forestière
2006,Territoires du Nord-Ouest,0,Fabrication du papier
2006,Territoires du Nord-Ouest,180,Activités de soutien à la foresterie
2006,Territoires du Nord-Ouest,0,Fabrication de produits en bois
2006,Nouvelle-Écosse,1890,Foresterie et exploitation forestière
2006,Nouvelle-Écosse,1860,Fabrication du papier
2006,Nouvelle-Écosse,515,Activités de soutien à la foresterie
2006,Nouvelle-Écosse,3540,Fabrication de produits en bois
2006,Nunavut,0,Foresterie et exploitation forestière
2006,Nunavut,0,Fabrication du papier
2006,Nunavut,0,Activités de soutien à la foresterie
2006,Nunavut,0,Fabrication de produits en bois
2006,Ontario,7695,Foresterie et exploitation forestière
2006,Ontario,29315,Fabrication du papier
2006,Ontario,2590,Activités de soutien à la foresterie
2006,Ontario,30555,Fabrication de produits en bois
2006,Île-du-Prince-Édouard,65,Foresterie et exploitation forestière
2006,Île-du-Prince-Édouard,120,Fabrication du papier
2006,Île-du-Prince-Édouard,10,Activités de soutien à la foresterie
2006,Île-du-Prince-Édouard,385,Fabrication de produits en bois
2006,Québec,13210,Foresterie et exploitation forestière
2006,Québec,28475,Fabrication du papier
2006,Québec,5230,Activités de soutien à la foresterie
2006,Québec,38440,Fabrication de produits en bois
2006,Saskatchewan,610,Foresterie et exploitation forestière
2006,Saskatchewan,305,Fabrication du papier
2006,Saskatchewan,1210,Activités de soutien à la foresterie
2006,Saskatchewan,2100,Fabrication de produits en bois
2006,Yukon,25,Foresterie et exploitation forestière
2006,Yukon,0,Fabrication du papier
2006,Yukon,10,Activités de soutien à la foresterie
2006,Yukon,30,Fabrication de produits en bois
2007,Canada,45110,Foresterie et exploitation forestière
2007,Canada,78080,Fabrication du papier
2007,Canada,21175,Activités de soutien à la foresterie
2007,Canada,114225,Fabrication de produits en bois
2007,Alberta,2700,Foresterie et exploitation forestière
2007,Alberta,3475,Fabrication du papier
2007,Alberta,1940,Activités de soutien à la foresterie
2007,Alberta,11255,Fabrication de produits en bois
2007,Colombie-Britannique,16760,Foresterie et exploitation forestière
2007,Colombie-Britannique,13395,Fabrication du papier
2007,Colombie-Britannique,7670,Activités de soutien à la foresterie
2007,Colombie-Britannique,33560,Fabrication de produits en bois
2007,Manitoba,550,Foresterie et exploitation forestière
2007,Manitoba,1760,Fabrication du papier
2007,Manitoba,575,Activités de soutien à la foresterie
2007,Manitoba,4200,Fabrication de produits en bois
2007,Nouveau-Brunswick,3035,Foresterie et exploitation forestière
2007,Nouveau-Brunswick,3960,Fabrication du papier
2007,Nouveau-Brunswick,1240,Activités de soutien à la foresterie
2007,Nouveau-Brunswick,4180,Fabrication de produits en bois
2007,Terre-Neuve-et-Labrador,795,Foresterie et exploitation forestière
2007,Terre-Neuve-et-Labrador,1005,Fabrication du papier
2007,Terre-Neuve-et-Labrador,260,Activités de soutien à la foresterie
2007,Terre-Neuve-et-Labrador,485,Fabrication de produits en bois
2007,Territoires du Nord-Ouest,15,Foresterie et exploitation forestière
2007,Territoires du Nord-Ouest,0,Fabrication du papier
2007,Territoires du Nord-Ouest,185,Activités de soutien à la foresterie
2007,Territoires du Nord-Ouest,0,Fabrication de produits en bois
2007,Nouvelle-Écosse,1850,Foresterie et exploitation forestière
2007,Nouvelle-Écosse,2490,Fabrication du papier
2007,Nouvelle-Écosse,525,Activités de soutien à la foresterie
2007,Nouvelle-Écosse,2990,Fabrication de produits en bois
2007,Nunavut,0,Foresterie et exploitation forestière
2007,Nunavut,0,Fabrication du papier
2007,Nunavut,0,Activités de soutien à la foresterie
2007,Nunavut,0,Fabrication de produits en bois
2007,Ontario,7090,Foresterie et exploitation forestière
2007,Ontario,26445,Fabrication du papier
2007,Ontario,2595,Activités de soutien à la foresterie
2007,Ontario,23890,Fabrication de produits en bois
2007,Île-du-Prince-Édouard,55,Foresterie et exploitation forestière
2007,Île-du-Prince-Édouard,110,Fabrication du papier
2007,Île-du-Prince-Édouard,30,Activités de soutien à la foresterie
2007,Île-du-Prince-Édouard,255,Fabrication de produits en bois
2007,Québec,11745,Foresterie et exploitation forestière
2007,Québec,25035,Fabrication du papier
2007,Québec,5000,Activités de soutien à la foresterie
2007,Québec,32010,Fabrication de produits en bois
2007,Saskatchewan,495,Foresterie et exploitation forestière
2007,Saskatchewan,405,Fabrication du papier
2007,Saskatchewan,1145,Activités de soutien à la foresterie
2007,Saskatchewan,1385,Fabrication de produits en bois
2007,Yukon,20,Foresterie et exploitation forestière
2007,Yukon,0,Fabrication du papier
2007,Yukon,10,Activités de soutien à la foresterie
2007,Yukon,15,Fabrication de produits en bois
2008,Canada,42105,Foresterie et exploitation forestière
2008,Canada,70290,Fabrication du papier
2008,Canada,20765,Activités de soutien à la foresterie
2008,Canada,101955,Fabrication de produits en bois
2008,Alberta,2540,Foresterie et exploitation forestière
2008,Alberta,3115,Fabrication du papier
2008,Alberta,1940,Activités de soutien à la foresterie
2008,Alberta,9590,Fabrication de produits en bois
2008,Colombie-Britannique,14060,Foresterie et exploitation forestière
2008,Colombie-Britannique,11535,Fabrication du papier
2008,Colombie-Britannique,7480,Activités de soutien à la foresterie
2008,Colombie-Britannique,28330,Fabrication de produits en bois
2008,Manitoba,450,Foresterie et exploitation forestière
2008,Manitoba,1635,Fabrication du papier
2008,Manitoba,540,Activités de soutien à la foresterie
2008,Manitoba,4265,Fabrication de produits en bois
2008,Nouveau-Brunswick,2835,Foresterie et exploitation forestière
2008,Nouveau-Brunswick,3105,Fabrication du papier
2008,Nouveau-Brunswick,1045,Activités de soutien à la foresterie
2008,Nouveau-Brunswick,4105,Fabrication de produits en bois
2008,Terre-Neuve-et-Labrador,675,Foresterie et exploitation forestière
2008,Terre-Neuve-et-Labrador,995,Fabrication du papier
2008,Terre-Neuve-et-Labrador,215,Activités de soutien à la foresterie
2008,Terre-Neuve-et-Labrador,420,Fabrication de produits en bois
2008,Territoires du Nord-Ouest,15,Foresterie et exploitation forestière
2008,Territoires du Nord-Ouest,0,Fabrication du papier
2008,Territoires du Nord-Ouest,190,Activités de soutien à la foresterie
2008,Territoires du Nord-Ouest,0,Fabrication de produits en bois
2008,Nouvelle-Écosse,1735,Foresterie et exploitation forestière
2008,Nouvelle-Écosse,2320,Fabrication du papier
2008,Nouvelle-Écosse,595,Activités de soutien à la foresterie
2008,Nouvelle-Écosse,3365,Fabrication de produits en bois
2008,Nunavut,0,Foresterie et exploitation forestière
2008,Nunavut,0,Fabrication du papier
2008,Nunavut,0,Activités de soutien à la foresterie
2008,Nunavut,0,Fabrication de produits en bois
2008,Ontario,6215,Foresterie et exploitation forestière
2008,Ontario,24420,Fabrication du papier
2008,Ontario,2595,Activités de soutien à la foresterie
2008,Ontario,20670,Fabrication de produits en bois
2008,Île-du-Prince-Édouard,45,Foresterie et exploitation forestière
2008,Île-du-Prince-Édouard,105,Fabrication du papier
2008,Île-du-Prince-Édouard,20,Activités de soutien à la foresterie
2008,Île-du-Prince-Édouard,230,Fabrication de produits en bois
2008,Québec,13095,Foresterie et exploitation forestière
2008,Québec,22865,Fabrication du papier
2008,Québec,4930,Activités de soutien à la foresterie
2008,Québec,29750,Fabrication de produits en bois
2008,Saskatchewan,420,Foresterie et exploitation forestière
2008,Saskatchewan,195,Fabrication du papier
2008,Saskatchewan,1205,Activités de soutien à la foresterie
2008,Saskatchewan,1215,Fabrication de produits en bois
2008,Yukon,20,Foresterie et exploitation forestière
2008,Yukon,0,Fabrication du papier
2008,Yukon,10,Activités de soutien à la foresterie
2008,Yukon,15,Fabrication de produits en bois
2009,Canada,35045,Foresterie et exploitation forestière
2009,Canada,64945,Fabrication du papier
2009,Canada,22045,Activités de soutien à la foresterie
2009,Canada,88000,Fabrication de produits en bois
2009,Alberta,2320,Foresterie et exploitation forestière
2009,Alberta,2735,Fabrication du papier
2009,Alberta,1875,Activités de soutien à la foresterie
2009,Alberta,9020,Fabrication de produits en bois
2009,Colombie-Britannique,10155,Foresterie et exploitation forestière
2009,Colombie-Britannique,10075,Fabrication du papier
2009,Colombie-Britannique,7240,Activités de soutien à la foresterie
2009,Colombie-Britannique,23180,Fabrication de produits en bois
2009,Manitoba,350,Foresterie et exploitation forestière
2009,Manitoba,1435,Fabrication du papier
2009,Manitoba,555,Activités de soutien à la foresterie
2009,Manitoba,3450,Fabrication de produits en bois
2009,Nouveau-Brunswick,3020,Foresterie et exploitation forestière
2009,Nouveau-Brunswick,2640,Fabrication du papier
2009,Nouveau-Brunswick,940,Activités de soutien à la foresterie
2009,Nouveau-Brunswick,3815,Fabrication de produits en bois
2009,Terre-Neuve-et-Labrador,510,Foresterie et exploitation forestière
2009,Terre-Neuve-et-Labrador,645,Fabrication du papier
2009,Terre-Neuve-et-Labrador,200,Activités de soutien à la foresterie
2009,Terre-Neuve-et-Labrador,395,Fabrication de produits en bois
2009,Territoires du Nord-Ouest,10,Foresterie et exploitation forestière
2009,Territoires du Nord-Ouest,0,Fabrication du papier
2009,Territoires du Nord-Ouest,170,Activités de soutien à la foresterie
2009,Territoires du Nord-Ouest,0,Fabrication de produits en bois
2009,Nouvelle-Écosse,1410,Foresterie et exploitation forestière
2009,Nouvelle-Écosse,1810,Fabrication du papier
2009,Nouvelle-Écosse,680,Activités de soutien à la foresterie
2009,Nouvelle-Écosse,3200,Fabrication de produits en bois
2009,Nunavut,0,Foresterie et exploitation forestière
2009,Nunavut,0,Fabrication du papier
2009,Nunavut,0,Activités de soutien à la foresterie
2009,Nunavut,0,Fabrication de produits en bois
2009,Ontario,4620,Foresterie et exploitation forestière
2009,Ontario,22775,Fabrication du papier
2009,Ontario,3040,Activités de soutien à la foresterie
2009,Ontario,17385,Fabrication de produits en bois
2009,Île-du-Prince-Édouard,40,Foresterie et exploitation forestière
2009,Île-du-Prince-Édouard,120,Fabrication du papier
2009,Île-du-Prince-Édouard,20,Activités de soutien à la foresterie
2009,Île-du-Prince-Édouard,160,Fabrication de produits en bois
2009,Québec,12250,Foresterie et exploitation forestière
2009,Québec,22380,Fabrication du papier
2009,Québec,6120,Activités de soutien à la foresterie
2009,Québec,26065,Fabrication de produits en bois
2009,Saskatchewan,340,Foresterie et exploitation forestière
2009,Saskatchewan,330,Fabrication du papier
2009,Saskatchewan,1195,Activités de soutien à la foresterie
2009,Saskatchewan,1305,Fabrication de produits en bois
2009,Yukon,20,Foresterie et exploitation forestière
2009,Yukon,0,Fabrication du papier
2009,Yukon,10,Activités de soutien à la foresterie
2009,Yukon,25,Fabrication de produits en bois
2010,Canada,34890,Foresterie et exploitation forestière
2010,Canada,65040,Fabrication du papier
2010,Canada,20415,Activités de soutien à la foresterie
2010,Canada,91745,Fabrication de produits en bois
2010,Alberta,2235,Foresterie et exploitation forestière
2010,Alberta,2865,Fabrication du papier
2010,Alberta,1575,Activités de soutien à la foresterie
2010,Alberta,9445,Fabrication de produits en bois
2010,Colombie-Britannique,11280,Foresterie et exploitation forestière
2010,Colombie-Britannique,9795,Fabrication du papier
2010,Colombie-Britannique,6070,Activités de soutien à la foresterie
2010,Colombie-Britannique,23785,Fabrication de produits en bois
2010,Manitoba,330,Foresterie et exploitation forestière
2010,Manitoba,1515,Fabrication du papier
2010,Manitoba,565,Activités de soutien à la foresterie
2010,Manitoba,2445,Fabrication de produits en bois
2010,Nouveau-Brunswick,3125,Foresterie et exploitation forestière
2010,Nouveau-Brunswick,2915,Fabrication du papier
2010,Nouveau-Brunswick,1020,Activités de soutien à la foresterie
2010,Nouveau-Brunswick,3935,Fabrication de produits en bois
2010,Terre-Neuve-et-Labrador,445,Foresterie et exploitation forestière
2010,Terre-Neuve-et-Labrador,495,Fabrication du papier
2010,Terre-Neuve-et-Labrador,170,Activités de soutien à la foresterie
2010,Terre-Neuve-et-Labrador,435,Fabrication de produits en bois
2010,Territoires du Nord-Ouest,10,Foresterie et exploitation forestière
2010,Territoires du Nord-Ouest,0,Fabrication du papier
2010,Territoires du Nord-Ouest,165,Activités de soutien à la foresterie
2010,Territoires du Nord-Ouest,0,Fabrication de produits en bois
2010,Nouvelle-Écosse,1400,Foresterie et exploitation forestière
2010,Nouvelle-Écosse,2175,Fabrication du papier
2010,Nouvelle-Écosse,660,Activités de soutien à la foresterie
2010,Nouvelle-Écosse,2865,Fabrication de produits en bois
2010,Nunavut,0,Foresterie et exploitation forestière
2010,Nunavut,0,Fabrication du papier
2010,Nunavut,0,Activités de soutien à la foresterie
2010,Nunavut,0,Fabrication de produits en bois
2010,Ontario,4665,Foresterie et exploitation forestière
2010,Ontario,21595,Fabrication du papier
2010,Ontario,2920,Activités de soutien à la foresterie
2010,Ontario,17515,Fabrication de produits en bois
2010,Île-du-Prince-Édouard,40,Foresterie et exploitation forestière
2010,Île-du-Prince-Édouard,115,Fabrication du papier
2010,Île-du-Prince-Édouard,25,Activités de soutien à la foresterie
2010,Île-du-Prince-Édouard,95,Fabrication de produits en bois
2010,Québec,10950,Foresterie et exploitation forestière
2010,Québec,23245,Fabrication du papier
2010,Québec,6155,Activités de soutien à la foresterie
2010,Québec,29875,Fabrication de produits en bois
2010,Saskatchewan,385,Foresterie et exploitation forestière
2010,Saskatchewan,325,Fabrication du papier
2010,Saskatchewan,1080,Activités de soutien à la foresterie
2010,Saskatchewan,1315,Fabrication de produits en bois
2010,Yukon,25,Foresterie et exploitation forestière
2010,Yukon,0,Fabrication du papier
2010,Yukon,10,Activités de soutien à la foresterie
2010,Yukon,35,Fabrication de produits en bois
2011,Canada,36360,Foresterie et exploitation forestière
2011,Canada,61335,Fabrication du papier
2011,Canada,21375,Activités de soutien à la foresterie
2011,Canada,88100,Fabrication de produits en bois
2011,Alberta,2625,Foresterie et exploitation forestière
2011,Alberta,2835,Fabrication du papier
2011,Alberta,1510,Activités de soutien à la foresterie
2011,Alberta,10000,Fabrication de produits en bois
2011,Colombie-Britannique,12480,Foresterie et exploitation forestière
2011,Colombie-Britannique,9605,Fabrication du papier
2011,Colombie-Britannique,6765,Activités de soutien à la foresterie
2011,Colombie-Britannique,23785,Fabrication de produits en bois
2011,Manitoba,345,Foresterie et exploitation forestière
2011,Manitoba,1435,Fabrication du papier
2011,Manitoba,495,Activités de soutien à la foresterie
2011,Manitoba,2540,Fabrication de produits en bois
2011,Nouveau-Brunswick,2835,Foresterie et exploitation forestière
2011,Nouveau-Brunswick,2705,Fabrication du papier
2011,Nouveau-Brunswick,890,Activités de soutien à la foresterie
2011,Nouveau-Brunswick,4020,Fabrication de produits en bois
2011,Terre-Neuve-et-Labrador,485,Foresterie et exploitation forestière
2011,Terre-Neuve-et-Labrador,480,Fabrication du papier
2011,Terre-Neuve-et-Labrador,195,Activités de soutien à la foresterie
2011,Terre-Neuve-et-Labrador,410,Fabrication de produits en bois
2011,Territoires du Nord-Ouest,10,Foresterie et exploitation forestière
2011,Territoires du Nord-Ouest,0,Fabrication du papier
2011,Territoires du Nord-Ouest,180,Activités de soutien à la foresterie
2011,Territoires du Nord-Ouest,10,Fabrication de produits en bois
2011,Nouvelle-Écosse,1200,Foresterie et exploitation forestière
2011,Nouvelle-Écosse,1915,Fabrication du papier
2011,Nouvelle-Écosse,585,Activités de soutien à la foresterie
2011,Nouvelle-Écosse,2015,Fabrication de produits en bois
2011,Nunavut,0,Foresterie et exploitation forestière
2011,Nunavut,0,Fabrication du papier
2011,Nunavut,0,Activités de soutien à la foresterie
2011,Nunavut,0,Fabrication de produits en bois
2011,Ontario,5035,Foresterie et exploitation forestière
2011,Ontario,20305,Fabrication du papier
2011,Ontario,3730,Activités de soutien à la foresterie
2011,Ontario,16115,Fabrication de produits en bois
2011,Île-du-Prince-Édouard,50,Foresterie et exploitation forestière
2011,Île-du-Prince-Édouard,155,Fabrication du papier
2011,Île-du-Prince-Édouard,25,Activités de soutien à la foresterie
2011,Île-du-Prince-Édouard,100,Fabrication de produits en bois
2011,Québec,10960,Foresterie et exploitation forestière
2011,Québec,21625,Fabrication du papier
2011,Québec,5985,Activités de soutien à la foresterie
2011,Québec,27730,Fabrication de produits en bois
2011,Saskatchewan,310,Foresterie et exploitation forestière
2011,Saskatchewan,275,Fabrication du papier
2011,Saskatchewan,1000,Activités de soutien à la foresterie
2011,Saskatchewan,1330,Fabrication de produits en bois
2011,Yukon,25,Foresterie et exploitation forestière
2011,Yukon,0,Fabrication du papier
2011,Yukon,15,Activités de soutien à la foresterie
2011,Yukon,45,Fabrication de produits en bois
2012,Canada,33075,Foresterie et exploitation forestière
2012,Canada,58785,Fabrication du papier
2012,Canada,20035,Activités de soutien à la foresterie
2012,Canada,90760,Fabrication de produits en bois
2012,Alberta,2865,Foresterie et exploitation forestière
2012,Alberta,2790,Fabrication du papier
2012,Alberta,1460,Activités de soutien à la foresterie
2012,Alberta,10180,Fabrication de produits en bois
2012,Colombie-Britannique,12405,Foresterie et exploitation forestière
2012,Colombie-Britannique,8915,Fabrication du papier
2012,Colombie-Britannique,6770,Activités de soutien à la foresterie
2012,Colombie-Britannique,26155,Fabrication de produits en bois
2012,Manitoba,335,Foresterie et exploitation forestière
2012,Manitoba,1420,Fabrication du papier
2012,Manitoba,475,Activités de soutien à la foresterie
2012,Manitoba,2545,Fabrication de produits en bois
2012,Nouveau-Brunswick,2480,Foresterie et exploitation forestière
2012,Nouveau-Brunswick,2820,Fabrication du papier
2012,Nouveau-Brunswick,890,Activités de soutien à la foresterie
2012,Nouveau-Brunswick,4025,Fabrication de produits en bois
2012,Terre-Neuve-et-Labrador,380,Foresterie et exploitation forestière
2012,Terre-Neuve-et-Labrador,395,Fabrication du papier
2012,Terre-Neuve-et-Labrador,190,Activités de soutien à la foresterie
2012,Terre-Neuve-et-Labrador,420,Fabrication de produits en bois
2012,Territoires du Nord-Ouest,10,Foresterie et exploitation forestière
2012,Territoires du Nord-Ouest,0,Fabrication du papier
2012,Territoires du Nord-Ouest,165,Activités de soutien à la foresterie
2012,Territoires du Nord-Ouest,10,Fabrication de produits en bois
2012,Nouvelle-Écosse,975,Foresterie et exploitation forestière
2012,Nouvelle-Écosse,1125,Fabrication du papier
2012,Nouvelle-Écosse,445,Activités de soutien à la foresterie
2012,Nouvelle-Écosse,1890,Fabrication de produits en bois
2012,Nunavut,0,Foresterie et exploitation forestière
2012,Nunavut,0,Fabrication du papier
2012,Nunavut,0,Activités de soutien à la foresterie
2012,Nunavut,0,Fabrication de produits en bois
2012,Ontario,4345,Foresterie et exploitation forestière
2012,Ontario,20210,Fabrication du papier
2012,Ontario,3405,Activités de soutien à la foresterie
2012,Ontario,16310,Fabrication de produits en bois
2012,Île-du-Prince-Édouard,45,Foresterie et exploitation forestière
2012,Île-du-Prince-Édouard,190,Fabrication du papier
2012,Île-du-Prince-Édouard,25,Activités de soutien à la foresterie
2012,Île-du-Prince-Édouard,105,Fabrication de produits en bois
2012,Québec,8870,Foresterie et exploitation forestière
2012,Québec,20650,Fabrication du papier
2012,Québec,5290,Activités de soutien à la foresterie
2012,Québec,27690,Fabrication de produits en bois
2012,Saskatchewan,340,Foresterie et exploitation forestière
2012,Saskatchewan,270,Fabrication du papier
2012,Saskatchewan,905,Activités de soutien à la foresterie
2012,Saskatchewan,1390,Fabrication de produits en bois
2012,Yukon,25,Foresterie et exploitation forestière
2012,Yukon,0,Fabrication du papier
2012,Yukon,15,Activités de soutien à la foresterie
2012,Yukon,40,Fabrication de produits en bois
2013,Canada,33565,Foresterie et exploitation forestière
2013,Canada,59090,Fabrication du papier
2013,Canada,20320,Activités de soutien à la foresterie
2013,Canada,94790,Fabrication de produits en bois
2013,Alberta,2665,Foresterie et exploitation forestière
2013,Alberta,2990,Fabrication du papier
2013,Alberta,1450,Activités de soutien à la foresterie
2013,Alberta,10270,Fabrication de produits en bois
2013,Colombie-Britannique,12535,Foresterie et exploitation forestière
2013,Colombie-Britannique,9250,Fabrication du papier
2013,Colombie-Britannique,6890,Activités de soutien à la foresterie
2013,Colombie-Britannique,27280,Fabrication de produits en bois
2013,Manitoba,330,Foresterie et exploitation forestière
2013,Manitoba,1150,Fabrication du papier
2013,Manitoba,485,Activités de soutien à la foresterie
2013,Manitoba,2645,Fabrication de produits en bois
2013,Nouveau-Brunswick,2670,Foresterie et exploitation forestière
2013,Nouveau-Brunswick,3020,Fabrication du papier
2013,Nouveau-Brunswick,1005,Activités de soutien à la foresterie
2013,Nouveau-Brunswick,4055,Fabrication de produits en bois
2013,Terre-Neuve-et-Labrador,360,Foresterie et exploitation forestière
2013,Terre-Neuve-et-Labrador,255,Fabrication du papier
2013,Terre-Neuve-et-Labrador,170,Activités de soutien à la foresterie
2013,Terre-Neuve-et-Labrador,385,Fabrication de produits en bois
2013,Territoires du Nord-Ouest,10,Foresterie et exploitation forestière
2013,Territoires du Nord-Ouest,0,Fabrication du papier
2013,Territoires du Nord-Ouest,140,Activités de soutien à la foresterie
2013,Territoires du Nord-Ouest,5,Fabrication de produits en bois
2013,Nouvelle-Écosse,985,Foresterie et exploitation forestière
2013,Nouvelle-Écosse,985,Fabrication du papier
2013,Nouvelle-Écosse,470,Activités de soutien à la foresterie
2013,Nouvelle-Écosse,1875,Fabrication de produits en bois
2013,Nunavut,0,Foresterie et exploitation forestière
2013,Nunavut,0,Fabrication du papier
2013,Nunavut,0,Activités de soutien à la foresterie
2013,Nunavut,0,Fabrication de produits en bois
2013,Ontario,4355,Foresterie et exploitation forestière
2013,Ontario,20535,Fabrication du papier
2013,Ontario,3305,Activités de soutien à la foresterie
2013,Ontario,17340,Fabrication de produits en bois
2013,Île-du-Prince-Édouard,50,Foresterie et exploitation forestière
2013,Île-du-Prince-Édouard,205,Fabrication du papier
2013,Île-du-Prince-Édouard,30,Activités de soutien à la foresterie
2013,Île-du-Prince-Édouard,115,Fabrication de produits en bois
2013,Québec,9230,Foresterie et exploitation forestière
2013,Québec,20470,Fabrication du papier
2013,Québec,5495,Activités de soutien à la foresterie
2013,Québec,29155,Fabrication de produits en bois
2013,Saskatchewan,345,Foresterie et exploitation forestière
2013,Saskatchewan,230,Fabrication du papier
2013,Saskatchewan,865,Activités de soutien à la foresterie
2013,Saskatchewan,1635,Fabrication de produits en bois
2013,Yukon,30,Foresterie et exploitation forestière
2013,Yukon,0,Fabrication du papier
2013,Yukon,15,Activités de soutien à la foresterie
2013,Yukon,30,Fabrication de produits en bois
2014,Canada,32450,Foresterie et exploitation forestière
2014,Canada,58150,Fabrication du papier
2014,Canada,20555,Activités de soutien à la foresterie
2014,Canada,93575,Fabrication de produits en bois
2014,Alberta,2480,Foresterie et exploitation forestière
2014,Alberta,3040,Fabrication du papier
2014,Alberta,1595,Activités de soutien à la foresterie
2014,Alberta,9925,Fabrication de produits en bois
2014,Colombie-Britannique,13165,Foresterie et exploitation forestière
2014,Colombie-Britannique,8250,Fabrication du papier
2014,Colombie-Britannique,6880,Activités de soutien à la foresterie
2014,Colombie-Britannique,26690,Fabrication de produits en bois
2014,Manitoba,315,Foresterie et exploitation forestière
2014,Manitoba,1250,Fabrication du papier
2014,Manitoba,520,Activités de soutien à la foresterie
2014,Manitoba,2485,Fabrication de produits en bois
2014,Nouveau-Brunswick,2795,Foresterie et exploitation forestière
2014,Nouveau-Brunswick,3260,Fabrication du papier
2014,Nouveau-Brunswick,1000,Activités de soutien à la foresterie
2014,Nouveau-Brunswick,4925,Fabrication de produits en bois
2014,Terre-Neuve-et-Labrador,410,Foresterie et exploitation forestière
2014,Terre-Neuve-et-Labrador,325,Fabrication du papier
2014,Terre-Neuve-et-Labrador,160,Activités de soutien à la foresterie
2014,Terre-Neuve-et-Labrador,360,Fabrication de produits en bois
2014,Territoires du Nord-Ouest,5,Foresterie et exploitation forestière
2014,Territoires du Nord-Ouest,0,Fabrication du papier
2014,Territoires du Nord-Ouest,150,Activités de soutien à la foresterie
2014,Territoires du Nord-Ouest,15,Fabrication de produits en bois
2014,Nouvelle-Écosse,1010,Foresterie et exploitation forestière
2014,Nouvelle-Écosse,1150,Fabrication du papier
2014,Nouvelle-Écosse,460,Activités de soutien à la foresterie
2014,Nouvelle-Écosse,1945,Fabrication de produits en bois
2014,Nunavut,0,Foresterie et exploitation forestière
2014,Nunavut,0,Fabrication du papier
2014,Nunavut,0,Activités de soutien à la foresterie
2014,Nunavut,0,Fabrication de produits en bois
2014,Ontario,3880,Foresterie et exploitation forestière
2014,Ontario,18920,Fabrication du papier
2014,Ontario,3235,Activités de soutien à la foresterie
2014,Ontario,16955,Fabrication de produits en bois
2014,Île-du-Prince-Édouard,50,Foresterie et exploitation forestière
2014,Île-du-Prince-Édouard,260,Fabrication du papier
2014,Île-du-Prince-Édouard,40,Activités de soutien à la foresterie
2014,Île-du-Prince-Édouard,140,Fabrication de produits en bois
2014,Québec,7895,Foresterie et exploitation forestière
2014,Québec,21450,Fabrication du papier
2014,Québec,5595,Activités de soutien à la foresterie
2014,Québec,28550,Fabrication de produits en bois
2014,Saskatchewan,420,Foresterie et exploitation forestière
2014,Saskatchewan,245,Fabrication du papier
2014,Saskatchewan,910,Activités de soutien à la foresterie
2014,Saskatchewan,1545,Fabrication de produits en bois
2014,Yukon,25,Foresterie et exploitation forestière
2014,Yukon,0,Fabrication du papier
2014,Yukon,10,Activités de soutien à la foresterie
2014,Yukon,40,Fabrication de produits en bois
2015,Canada,32855,Foresterie et exploitation forestière
2015,Canada,57775,Fabrication du papier
2015,Canada,20795,Activités de soutien à la foresterie
2015,Canada,95150,Fabrication de produits en bois
2015,Alberta,2720,Foresterie et exploitation forestière
2015,Alberta,3080,Fabrication du papier
2015,Alberta,1670,Activités de soutien à la foresterie
2015,Alberta,9655,Fabrication de produits en bois
2015,Colombie-Britannique,12640,Foresterie et exploitation forestière
2015,Colombie-Britannique,7935,Fabrication du papier
2015,Colombie-Britannique,7135,Activités de soutien à la foresterie
2015,Colombie-Britannique,26440,Fabrication de produits en bois
2015,Manitoba,290,Foresterie et exploitation forestière
2015,Manitoba,1245,Fabrication du papier
2015,Manitoba,510,Activités de soutien à la foresterie
2015,Manitoba,2265,Fabrication de produits en bois
2015,Nouveau-Brunswick,2760,Foresterie et exploitation forestière
2015,Nouveau-Brunswick,3100,Fabrication du papier
2015,Nouveau-Brunswick,970,Activités de soutien à la foresterie
2015,Nouveau-Brunswick,5115,Fabrication de produits en bois
2015,Terre-Neuve-et-Labrador,475,Foresterie et exploitation forestière
2015,Terre-Neuve-et-Labrador,345,Fabrication du papier
2015,Terre-Neuve-et-Labrador,155,Activités de soutien à la foresterie
2015,Terre-Neuve-et-Labrador,355,Fabrication de produits en bois
2015,Territoires du Nord-Ouest,5,Foresterie et exploitation forestière
2015,Territoires du Nord-Ouest,0,Fabrication du papier
2015,Territoires du Nord-Ouest,150,Activités de soutien à la foresterie
2015,Territoires du Nord-Ouest,5,Fabrication de produits en bois
2015,Nouvelle-Écosse,985,Foresterie et exploitation forestière
2015,Nouvelle-Écosse,1290,Fabrication du papier
2015,Nouvelle-Écosse,495,Activités de soutien à la foresterie
2015,Nouvelle-Écosse,1825,Fabrication de produits en bois
2015,Nunavut,0,Foresterie et exploitation forestière
2015,Nunavut,0,Fabrication du papier
2015,Nunavut,0,Activités de soutien à la foresterie
2015,Nunavut,0,Fabrication de produits en bois
2015,Ontario,4070,Foresterie et exploitation forestière
2015,Ontario,18495,Fabrication du papier
2015,Ontario,3295,Activités de soutien à la foresterie
2015,Ontario,17300,Fabrication de produits en bois
2015,Île-du-Prince-Édouard,55,Foresterie et exploitation forestière
2015,Île-du-Prince-Édouard,295,Fabrication du papier
2015,Île-du-Prince-Édouard,40,Activités de soutien à la foresterie
2015,Île-du-Prince-Édouard,110,Fabrication de produits en bois
2015,Québec,8380,Foresterie et exploitation forestière
2015,Québec,21715,Fabrication du papier
2015,Québec,5475,Activités de soutien à la foresterie
2015,Québec,30370,Fabrication de produits en bois
2015,Saskatchewan,445,Foresterie et exploitation forestière
2015,Saskatchewan,275,Fabrication du papier
2015,Saskatchewan,885,Activités de soutien à la foresterie
2015,Saskatchewan,1680,Fabrication de produits en bois
2015,Yukon,30,Foresterie et exploitation forestière
2015,Yukon,0,Fabrication du papier
2015,Yukon,15,Activités de soutien à la foresterie
2015,Yukon,30,Fabrication de produits en bois
2016,Canada,34120,Foresterie et exploitation forestière
2016,Canada,54815,Fabrication du papier
2016,Canada,21515,Activités de soutien à la foresterie
2016,Canada,100315,Fabrication de produits en bois
2016,Alberta,2980,Foresterie et exploitation forestière
2016,Alberta,3080,Fabrication du papier
2016,Alberta,1750,Activités de soutien à la foresterie
2016,Alberta,10150,Fabrication de produits en bois
2016,Colombie-Britannique,13405,Foresterie et exploitation forestière
2016,Colombie-Britannique,7850,Fabrication du papier
2016,Colombie-Britannique,7845,Activités de soutien à la foresterie
2016,Colombie-Britannique,28970,Fabrication de produits en bois
2016,Manitoba,245,Foresterie et exploitation forestière
2016,Manitoba,1270,Fabrication du papier
2016,Manitoba,535,Activités de soutien à la foresterie
2016,Manitoba,2495,Fabrication de produits en bois
2016,Nouveau-Brunswick,2895,Foresterie et exploitation forestière
2016,Nouveau-Brunswick,3035,Fabrication du papier
2016,Nouveau-Brunswick,930,Activités de soutien à la foresterie
2016,Nouveau-Brunswick,5410,Fabrication de produits en bois
2016,Terre-Neuve-et-Labrador,445,Foresterie et exploitation forestière
2016,Terre-Neuve-et-Labrador,345,Fabrication du papier
2016,Terre-Neuve-et-Labrador,150,Activités de soutien à la foresterie
2016,Terre-Neuve-et-Labrador,420,Fabrication de produits en bois
2016,Territoires du Nord-Ouest,5,Foresterie et exploitation forestière
2016,Territoires du Nord-Ouest,0,Fabrication du papier
2016,Territoires du Nord-Ouest,150,Activités de soutien à la foresterie
2016,Territoires du Nord-Ouest,5,Fabrication de produits en bois
2016,Nouvelle-Écosse,910,Foresterie et exploitation forestière
2016,Nouvelle-Écosse,1255,Fabrication du papier
2016,Nouvelle-Écosse,540,Activités de soutien à la foresterie
2016,Nouvelle-Écosse,1910,Fabrication de produits en bois
2016,Nunavut,0,Foresterie et exploitation forestière
2016,Nunavut,0,Fabrication du papier
2016,Nunavut,0,Activités de soutien à la foresterie
2016,Nunavut,0,Fabrication de produits en bois
2016,Ontario,4325,Foresterie et exploitation forestière
2016,Ontario,17900,Fabrication du papier
2016,Ontario,3235,Activités de soutien à la foresterie
2016,Ontario,17360,Fabrication de produits en bois
2016,Île-du-Prince-Édouard,80,Foresterie et exploitation forestière
2016,Île-du-Prince-Édouard,275,Fabrication du papier
2016,Île-du-Prince-Édouard,45,Activités de soutien à la foresterie
2016,Île-du-Prince-Édouard,140,Fabrication de produits en bois
2016,Québec,8350,Foresterie et exploitation forestière
2016,Québec,19520,Fabrication du papier
2016,Québec,5420,Activités de soutien à la foresterie
2016,Québec,31685,Fabrication de produits en bois
2016,Saskatchewan,445,Foresterie et exploitation forestière
2016,Saskatchewan,285,Fabrication du papier
2016,Saskatchewan,895,Activités de soutien à la foresterie
2016,Saskatchewan,1765,Fabrication de produits en bois
2016,Yukon,35,Foresterie et exploitation forestière
2016,Yukon,0,Fabrication du papier
2016,Yukon,20,Activités de soutien à la foresterie
2016,Yukon,5,Fabrication de produits en bois
2017,Canada,33415,Foresterie et exploitation forestière
2017,Canada,57940,Fabrication du papier
2017,Canada,21765,Activités de soutien à la foresterie
2017,Canada,103490,Fabrication de produits en bois
2017,Alberta,3070,Foresterie et exploitation forestière
2017,Alberta,2730,Fabrication du papier
2017,Alberta,1750,Activités de soutien à la foresterie
2017,Alberta,9305,Fabrication de produits en bois
2017,Colombie-Britannique,13190,Foresterie et exploitation forestière
2017,Colombie-Britannique,8525,Fabrication du papier
2017,Colombie-Britannique,7795,Activités de soutien à la foresterie
2017,Colombie-Britannique,29930,Fabrication de produits en bois
2017,Manitoba,280,Foresterie et exploitation forestière
2017,Manitoba,1300,Fabrication du papier
2017,Manitoba,485,Activités de soutien à la foresterie
2017,Manitoba,2495,Fabrication de produits en bois
2017,Nouveau-Brunswick,2705,Foresterie et exploitation forestière
2017,Nouveau-Brunswick,3095,Fabrication du papier
2017,Nouveau-Brunswick,935,Activités de soutien à la foresterie
2017,Nouveau-Brunswick,5735,Fabrication de produits en bois
2017,Terre-Neuve-et-Labrador,315,Foresterie et exploitation forestière
2017,Terre-Neuve-et-Labrador,360,Fabrication du papier
2017,Terre-Neuve-et-Labrador,150,Activités de soutien à la foresterie
2017,Terre-Neuve-et-Labrador,390,Fabrication de produits en bois
2017,Territoires du Nord-Ouest,5,Foresterie et exploitation forestière
2017,Territoires du Nord-Ouest,0,Fabrication du papier
2017,Territoires du Nord-Ouest,170,Activités de soutien à la foresterie
2017,Territoires du Nord-Ouest,5,Fabrication de produits en bois
2017,Nouvelle-Écosse,800,Foresterie et exploitation forestière
2017,Nouvelle-Écosse,1290,Fabrication du papier
2017,Nouvelle-Écosse,540,Activités de soutien à la foresterie
2017,Nouvelle-Écosse,1875,Fabrication de produits en bois
2017,Nunavut,0,Foresterie et exploitation forestière
2017,Nunavut,0,Fabrication du papier
2017,Nunavut,0,Activités de soutien à la foresterie
2017,Nunavut,0,Fabrication de produits en bois
2017,Ontario,4250,Foresterie et exploitation forestière
2017,Ontario,19290,Fabrication du papier
2017,Ontario,3090,Activités de soutien à la foresterie
2017,Ontario,18410,Fabrication de produits en bois
2017,Île-du-Prince-Édouard,70,Foresterie et exploitation forestière
2017,Île-du-Prince-Édouard,315,Fabrication du papier
2017,Île-du-Prince-Édouard,40,Activités de soutien à la foresterie
2017,Île-du-Prince-Édouard,150,Fabrication de produits en bois
2017,Québec,8300,Foresterie et exploitation forestière
2017,Québec,20735,Fabrication du papier
2017,Québec,5885,Activités de soutien à la foresterie
2017,Québec,33420,Fabrication de produits en bois
2017,Saskatchewan,400,Foresterie et exploitation forestière
2017,Saskatchewan,300,Fabrication du papier
2017,Saskatchewan,900,Activités de soutien à la foresterie
2017,Saskatchewan,1770,Fabrication de produits en bois
2017,Yukon,30,Foresterie et exploitation forestière
2017,Yukon,0,Fabrication du papier
2017,Yukon,25,Activités de soutien à la foresterie
2017,Yukon,5,Fabrication de produits en bois
2018,Canada,34205,Foresterie et exploitation forestière
2018,Canada,58320,Fabrication du papier
2018,Canada,22155,Activités de soutien à la foresterie
2018,Canada,102130,Fabrication de produits en bois
2018,Alberta,3190,Foresterie et exploitation forestière
2018,Alberta,2855,Fabrication du papier
2018,Alberta,1745,Activités de soutien à la foresterie
2018,Alberta,9475,Fabrication de produits en bois
2018,Colombie-Britannique,13825,Foresterie et exploitation forestière
2018,Colombie-Britannique,8765,Fabrication du papier
2018,Colombie-Britannique,8460,Activités de soutien à la foresterie
2018,Colombie-Britannique,29530,Fabrication de produits en bois
2018,Manitoba,280,Foresterie et exploitation forestière
2018,Manitoba,1330,Fabrication du papier
2018,Manitoba,490,Activités de soutien à la foresterie
2018,Manitoba,2430,Fabrication de produits en bois
2018,Nouveau-Brunswick,2505,Foresterie et exploitation forestière
2018,Nouveau-Brunswick,3100,Fabrication du papier
2018,Nouveau-Brunswick,970,Activités de soutien à la foresterie
2018,Nouveau-Brunswick,5660,Fabrication de produits en bois
2018,Terre-Neuve-et-Labrador,310,Foresterie et exploitation forestière
2018,Terre-Neuve-et-Labrador,340,Fabrication du papier
2018,Terre-Neuve-et-Labrador,155,Activités de soutien à la foresterie
2018,Terre-Neuve-et-Labrador,410,Fabrication de produits en bois
2018,Territoires du Nord-Ouest,5,Foresterie et exploitation forestière
2018,Territoires du Nord-Ouest,0,Fabrication du papier
2018,Territoires du Nord-Ouest,165,Activités de soutien à la foresterie
2018,Territoires du Nord-Ouest,5,Fabrication de produits en bois
2018,Nouvelle-Écosse,800,Foresterie et exploitation forestière
2018,Nouvelle-Écosse,1270,Fabrication du papier
2018,Nouvelle-Écosse,470,Activités de soutien à la foresterie
2018,Nouvelle-Écosse,1615,Fabrication de produits en bois
2018,Nunavut,0,Foresterie et exploitation forestière
2018,Nunavut,0,Fabrication du papier
2018,Nunavut,0,Activités de soutien à la foresterie
2018,Nunavut,0,Fabrication de produits en bois
2018,Ontario,4130,Foresterie et exploitation forestière
2018,Ontario,19415,Fabrication du papier
2018,Ontario,2690,Activités de soutien à la foresterie
2018,Ontario,18190,Fabrication de produits en bois
2018,Île-du-Prince-Édouard,65,Foresterie et exploitation forestière
2018,Île-du-Prince-Édouard,315,Fabrication du papier
2018,Île-du-Prince-Édouard,50,Activités de soutien à la foresterie
2018,Île-du-Prince-Édouard,160,Fabrication de produits en bois
2018,Québec,8685,Foresterie et exploitation forestière
2018,Québec,20630,Fabrication du papier
2018,Québec,6025,Activités de soutien à la foresterie
2018,Québec,32845,Fabrication de produits en bois
2018,Saskatchewan,380,Foresterie et exploitation forestière
2018,Saskatchewan,300,Fabrication du papier
2018,Saskatchewan,905,Activités de soutien à la foresterie
2018,Saskatchewan,1805,Fabrication de produits en bois
2018,Yukon,30,Foresterie et exploitation forestière
2018,Yukon,0,Fabrication du papier
2018,Yukon,30,Activités de soutien à la foresterie
2018,Yukon,5,Fabrication de produits en bois
2019,Canada,32630,Foresterie et exploitation forestière
2019,Canada,55325,Fabrication du papier
2019,Canada,22720,Activités de soutien à la foresterie
2019,Canada,100250,Fabrication de produits en bois
2019,Alberta,3000,Foresterie et exploitation forestière
2019,Alberta,2460,Fabrication du papier
2019,Alberta,1950,Activités de soutien à la foresterie
2019,Alberta,9390,Fabrication de produits en bois
2019,Colombie-Britannique,13245,Foresterie et exploitation forestière
2019,Colombie-Britannique,8635,Fabrication du papier
2019,Colombie-Britannique,8915,Activités de soutien à la foresterie
2019,Colombie-Britannique,28315,Fabrication de produits en bois
2019,Manitoba,265,Foresterie et exploitation forestière
2019,Manitoba,1360,Fabrication du papier
2019,Manitoba,445,Activités de soutien à la foresterie
2019,Manitoba,2505,Fabrication de produits en bois
2019,Nouveau-Brunswick,2465,Foresterie et exploitation forestière
2019,Nouveau-Brunswick,3020,Fabrication du papier
2019,Nouveau-Brunswick,905,Activités de soutien à la foresterie
2019,Nouveau-Brunswick,5585,Fabrication de produits en bois
2019,Terre-Neuve-et-Labrador,265,Foresterie et exploitation forestière
2019,Terre-Neuve-et-Labrador,330,Fabrication du papier
2019,Terre-Neuve-et-Labrador,155,Activités de soutien à la foresterie
2019,Terre-Neuve-et-Labrador,395,Fabrication de produits en bois
2019,Territoires du Nord-Ouest,10,Foresterie et exploitation forestière
2019,Territoires du Nord-Ouest,0,Fabrication du papier
2019,Territoires du Nord-Ouest,175,Activités de soutien à la foresterie
2019,Territoires du Nord-Ouest,5,Fabrication de produits en bois
2019,Nouvelle-Écosse,790,Foresterie et exploitation forestière
2019,Nouvelle-Écosse,1275,Fabrication du papier
2019,Nouvelle-Écosse,495,Activités de soutien à la foresterie
2019,Nouvelle-Écosse,1675,Fabrication de produits en bois
2019,Nunavut,0,Foresterie et exploitation forestière
2019,Nunavut,0,Fabrication du papier
2019,Nunavut,0,Activités de soutien à la foresterie
2019,Nunavut,0,Fabrication de produits en bois
2019,Ontario,3900,Foresterie et exploitation forestière
2019,Ontario,18425,Fabrication du papier
2019,Ontario,2575,Activités de soutien à la foresterie
2019,Ontario,17640,Fabrication de produits en bois
2019,Île-du-Prince-Édouard,70,Foresterie et exploitation forestière
2019,Île-du-Prince-Édouard,310,Fabrication du papier
2019,Île-du-Prince-Édouard,55,Activités de soutien à la foresterie
2019,Île-du-Prince-Édouard,145,Fabrication de produits en bois
2019,Québec,8210,Foresterie et exploitation forestière
2019,Québec,19185,Fabrication du papier
2019,Québec,6055,Activités de soutien à la foresterie
2019,Québec,32755,Fabrication de produits en bois
2019,Saskatchewan,380,Foresterie et exploitation forestière
2019,Saskatchewan,325,Fabrication du papier
2019,Saskatchewan,940,Activités de soutien à la foresterie
2019,Saskatchewan,1840,Fabrication de produits en bois
2019,Yukon,30,Foresterie et exploitation forestière
2019,Yukon,0,Fabrication du papier
2019,Yukon,55,Activités de soutien à la foresterie
2019,Yukon,0,Fabrication de produits en bois
2020,Canada,29245,Foresterie et exploitation forestière
2020,Canada,50255,Fabrication du papier
2020,Canada,21085,Activités de soutien à la foresterie
2020,Canada,89660,Fabrication de produits en bois
2020,Alberta,3165,Foresterie et exploitation forestière
2020,Alberta,2690,Fabrication du papier
2020,Alberta,1625,Activités de soutien à la foresterie
2020,Alberta,8845,Fabrication de produits en bois
2020,Colombie-Britannique,11045,Foresterie et exploitation forestière
2020,Colombie-Britannique,6840,Fabrication du papier
2020,Colombie-Britannique,8515,Activités de soutien à la foresterie
2020,Colombie-Britannique,24050,Fabrication de produits en bois
2020,Manitoba,260,Foresterie et exploitation forestière
2020,Manitoba,1375,Fabrication du papier
2020,Manitoba,435,Activités de soutien à la foresterie
2020,Manitoba,2125,Fabrication de produits en bois
2020,Nouveau-Brunswick,2645,Foresterie et exploitation forestière
2020,Nouveau-Brunswick,2930,Fabrication du papier
2020,Nouveau-Brunswick,910,Activités de soutien à la foresterie
2020,Nouveau-Brunswick,5775,Fabrication de produits en bois
2020,Terre-Neuve-et-Labrador,250,Foresterie et exploitation forestière
2020,Terre-Neuve-et-Labrador,290,Fabrication du papier
2020,Terre-Neuve-et-Labrador,150,Activités de soutien à la foresterie
2020,Terre-Neuve-et-Labrador,385,Fabrication de produits en bois
2020,Territoires du Nord-Ouest,10,Foresterie et exploitation forestière
2020,Territoires du Nord-Ouest,0,Fabrication du papier
2020,Territoires du Nord-Ouest,175,Activités de soutien à la foresterie
2020,Territoires du Nord-Ouest,10,Fabrication de produits en bois
2020,Nouvelle-Écosse,675,Foresterie et exploitation forestière
2020,Nouvelle-Écosse,1060,Fabrication du papier
2020,Nouvelle-Écosse,475,Activités de soutien à la foresterie
2020,Nouvelle-Écosse,1565,Fabrication de produits en bois
2020,Nunavut,0,Foresterie et exploitation forestière
2020,Nunavut,0,Fabrication du papier
2020,Nunavut,0,Activités de soutien à la foresterie
2020,Nunavut,0,Fabrication de produits en bois
2020,Ontario,3685,Foresterie et exploitation forestière
2020,Ontario,16850,Fabrication du papier
2020,Ontario,2320,Activités de soutien à la foresterie
2020,Ontario,16170,Fabrication de produits en bois
2020,Île-du-Prince-Édouard,70,Foresterie et exploitation forestière
2020,Île-du-Prince-Édouard,305,Fabrication du papier
2020,Île-du-Prince-Édouard,40,Activités de soutien à la foresterie
2020,Île-du-Prince-Édouard,160,Fabrication de produits en bois
2020,Québec,7035,Foresterie et exploitation forestière
2020,Québec,17625,Fabrication du papier
2020,Québec,5470,Activités de soutien à la foresterie
2020,Québec,29065,Fabrication de produits en bois
2020,Saskatchewan,375,Foresterie et exploitation forestière
2020,Saskatchewan,290,Fabrication du papier
2020,Saskatchewan,930,Activités de soutien à la foresterie
2020,Saskatchewan,1510,Fabrication de produits en bois
2020,Yukon,30,Foresterie et exploitation forestière
2020,Yukon,0,Fabrication du papier
2020,Yukon,40,Activités de soutien à la foresterie
2020,Yukon,0,Fabrication de produits en bois
2021,Canada,32175,Foresterie et exploitation forestière
2021,Canada,51870,Fabrication du papier
2021,Canada,22400,Activités de soutien à la foresterie
2021,Canada,100575,Fabrication de produits en bois
2021,Alberta,3650,Foresterie et exploitation forestière
2021,Alberta,2850,Fabrication du papier
2021,Alberta,1750,Activités de soutien à la foresterie
2021,Alberta,10130,Fabrication de produits en bois
2021,Colombie-Britannique,12525,Foresterie et exploitation forestière
2021,Colombie-Britannique,6565,Fabrication du papier
2021,Colombie-Britannique,9110,Activités de soutien à la foresterie
2021,Colombie-Britannique,26490,Fabrication de produits en bois
2021,Manitoba,280,Foresterie et exploitation forestière
2021,Manitoba,1535,Fabrication du papier
2021,Manitoba,455,Activités de soutien à la foresterie
2021,Manitoba,2650,Fabrication de produits en bois
2021,Nouveau-Brunswick,2765,Foresterie et exploitation forestière
2021,Nouveau-Brunswick,3010,Fabrication du papier
2021,Nouveau-Brunswick,825,Activités de soutien à la foresterie
2021,Nouveau-Brunswick,6455,Fabrication de produits en bois
2021,Terre-Neuve-et-Labrador,265,Foresterie et exploitation forestière
2021,Terre-Neuve-et-Labrador,290,Fabrication du papier
2021,Terre-Neuve-et-Labrador,140,Activités de soutien à la foresterie
2021,Terre-Neuve-et-Labrador,695,Fabrication de produits en bois
2021,Territoires du Nord-Ouest,5,Foresterie et exploitation forestière
2021,Territoires du Nord-Ouest,0,Fabrication du papier
2021,Territoires du Nord-Ouest,185,Activités de soutien à la foresterie
2021,Territoires du Nord-Ouest,15,Fabrication de produits en bois
2021,Nouvelle-Écosse,685,Foresterie et exploitation forestière
2021,Nouvelle-Écosse,915,Fabrication du papier
2021,Nouvelle-Écosse,495,Activités de soutien à la foresterie
2021,Nouvelle-Écosse,1900,Fabrication de produits en bois
2021,Nunavut,0,Foresterie et exploitation forestière
2021,Nunavut,0,Fabrication du papier
2021,Nunavut,0,Activités de soutien à la foresterie
2021,Nunavut,0,Fabrication de produits en bois
2021,Ontario,3790,Foresterie et exploitation forestière
2021,Ontario,17610,Fabrication du papier
2021,Ontario,2360,Activités de soutien à la foresterie
2021,Ontario,19055,Fabrication de produits en bois
2021,Île-du-Prince-Édouard,75,Foresterie et exploitation forestière
2021,Île-du-Prince-Édouard,285,Fabrication du papier
2021,Île-du-Prince-Édouard,45,Activités de soutien à la foresterie
2021,Île-du-Prince-Édouard,145,Fabrication de produits en bois
2021,Québec,7640,Foresterie et exploitation forestière
2021,Québec,18540,Fabrication du papier
2021,Québec,5985,Activités de soutien à la foresterie
2021,Québec,31460,Fabrication de produits en bois
2021,Saskatchewan,475,Foresterie et exploitation forestière
2021,Saskatchewan,270,Fabrication du papier
2021,Saskatchewan,1005,Activités de soutien à la foresterie
2021,Saskatchewan,1580,Fabrication de produits en bois
2021,Yukon,20,Foresterie et exploitation forestière
2021,Yukon,0,Fabrication du papier
2021,Yukon,45,Activités de soutien à la foresterie
2021,Yukon,0,Fabrication de produits en bois
2022,Canada,31245,Foresterie et exploitation forestière
2022,Canada,52670,Fabrication du papier
2022,Canada,22135,Activités de soutien à la foresterie
2022,Canada,100345,Fabrication de produits en bois
2022,Alberta,3295,Foresterie et exploitation forestière
2022,Alberta,2925,Fabrication du papier
2022,Alberta,1740,Activités de soutien à la foresterie
2022,Alberta,10775,Fabrication de produits en bois
2022,Colombie-Britannique,11875,Foresterie et exploitation forestière
2022,Colombie-Britannique,6675,Fabrication du papier
2022,Colombie-Britannique,8780,Activités de soutien à la foresterie
2022,Colombie-Britannique,24850,Fabrication de produits en bois
2022,Manitoba,295,Foresterie et exploitation forestière
2022,Manitoba,1610,Fabrication du papier
2022,Manitoba,425,Activités de soutien à la foresterie
2022,Manitoba,3175,Fabrication de produits en bois
2022,Nouveau-Brunswick,2585,Foresterie et exploitation forestière
2022,Nouveau-Brunswick,2980,Fabrication du papier
2022,Nouveau-Brunswick,825,Activités de soutien à la foresterie
2022,Nouveau-Brunswick,6800,Fabrication de produits en bois
2022,Terre-Neuve-et-Labrador,255,Foresterie et exploitation forestière
2022,Terre-Neuve-et-Labrador,345,Fabrication du papier
2022,Terre-Neuve-et-Labrador,135,Activités de soutien à la foresterie
2022,Terre-Neuve-et-Labrador,700,Fabrication de produits en bois
2022,Territoires du Nord-Ouest,10,Foresterie et exploitation forestière
2022,Territoires du Nord-Ouest,0,Fabrication du papier
2022,Territoires du Nord-Ouest,180,Activités de soutien à la foresterie
2022,Territoires du Nord-Ouest,5,Fabrication de produits en bois
2022,Nouvelle-Écosse,655,Foresterie et exploitation forestière
2022,Nouvelle-Écosse,895,Fabrication du papier
2022,Nouvelle-Écosse,480,Activités de soutien à la foresterie
2022,Nouvelle-Écosse,2035,Fabrication de produits en bois
2022,Nunavut,0,Foresterie et exploitation forestière
2022,Nunavut,0,Fabrication du papier
2022,Nunavut,0,Activités de soutien à la foresterie
2022,Nunavut,0,Fabrication de produits en bois
2022,Ontario,3660,Foresterie et exploitation forestière
2022,Ontario,17800,Fabrication du papier
2022,Ontario,2370,Activités de soutien à la foresterie
2022,Ontario,18740,Fabrication de produits en bois
2022,Île-du-Prince-Édouard,75,Foresterie et exploitation forestière
2022,Île-du-Prince-Édouard,270,Fabrication du papier
2022,Île-du-Prince-Édouard,40,Activités de soutien à la foresterie
2022,Île-du-Prince-Édouard,140,Fabrication de produits en bois
2022,Québec,8015,Foresterie et exploitation forestière
2022,Québec,18910,Fabrication du papier
2022,Québec,6075,Activités de soutien à la foresterie
2022,Québec,31525,Fabrication de produits en bois
2022,Saskatchewan,500,Foresterie et exploitation forestière
2022,Saskatchewan,260,Fabrication du papier
2022,Saskatchewan,1045,Activités de soutien à la foresterie
2022,Saskatchewan,1600,Fabrication de produits en bois
2022,Yukon,25,Foresterie et exploitation forestière
2022,Yukon,0,Fabrication du papier
2022,Yukon,40,Activités de soutien à la foresterie
2022,Yukon,0,Fabrication de produits en bois
2023,Canada,31655,Foresterie et exploitation forestière
2023,Canada,51165,Fabrication du papier
2023,Canada,23600,Activités de soutien à la foresterie
2023,Canada,92775,Fabrication de produits en bois
2023,Alberta,3585,Foresterie et exploitation forestière
2023,Alberta,2795,Fabrication du papier
2023,Alberta,1825,Activités de soutien à la foresterie
2023,Alberta,10490,Fabrication de produits en bois
2023,Colombie-Britannique,11415,Foresterie et exploitation forestière
2023,Colombie-Britannique,6460,Fabrication du papier
2023,Colombie-Britannique,9080,Activités de soutien à la foresterie
2023,Colombie-Britannique,23250,Fabrication de produits en bois
2023,Manitoba,290,Foresterie et exploitation forestière
2023,Manitoba,1625,Fabrication du papier
2023,Manitoba,420,Activités de soutien à la foresterie
2023,Manitoba,3265,Fabrication de produits en bois
2023,Nouveau-Brunswick,2650,Foresterie et exploitation forestière
2023,Nouveau-Brunswick,2920,Fabrication du papier
2023,Nouveau-Brunswick,875,Activités de soutien à la foresterie
2023,Nouveau-Brunswick,6305,Fabrication de produits en bois
2023,Terre-Neuve-et-Labrador,245,Foresterie et exploitation forestière
2023,Terre-Neuve-et-Labrador,340,Fabrication du papier
2023,Terre-Neuve-et-Labrador,125,Activités de soutien à la foresterie
2023,Terre-Neuve-et-Labrador,590,Fabrication de produits en bois
2023,Territoires du Nord-Ouest,15,Foresterie et exploitation forestière
2023,Territoires du Nord-Ouest,0,Fabrication du papier
2023,Territoires du Nord-Ouest,175,Activités de soutien à la foresterie
2023,Territoires du Nord-Ouest,5,Fabrication de produits en bois
2023,Nouvelle-Écosse,635,Foresterie et exploitation forestière
2023,Nouvelle-Écosse,765,Fabrication du papier
2023,Nouvelle-Écosse,525,Activités de soutien à la foresterie
2023,Nouvelle-Écosse,1955,Fabrication de produits en bois
2023,Nunavut,0,Foresterie et exploitation forestière
2023,Nunavut,0,Fabrication du papier
2023,Nunavut,0,Activités de soutien à la foresterie
2023,Nunavut,0,Fabrication de produits en bois
2023,Ontario,4095,Foresterie et exploitation forestière
2023,Ontario,17150,Fabrication du papier
2023,Ontario,2725,Activités de soutien à la foresterie
2023,Ontario,17445,Fabrication de produits en bois
2023,Île-du-Prince-Édouard,80,Foresterie et exploitation forestière
2023,Île-du-Prince-Édouard,260,Fabrication du papier
2023,Île-du-Prince-Édouard,40,Activités de soutien à la foresterie
2023,Île-du-Prince-Édouard,135,Fabrication de produits en bois
2023,Québec,8060,Foresterie et exploitation forestière
2023,Québec,18635,Fabrication du papier
2023,Québec,6720,Activités de soutien à la foresterie
2023,Québec,27935,Fabrication de produits en bois
2023,Saskatchewan,565,Foresterie et exploitation forestière
2023,Saskatchewan,215,Fabrication du papier
2023,Saskatchewan,1035,Activités de soutien à la foresterie
2023,Saskatchewan,1400,Fabrication de produits en bois
2023,Yukon,20,Foresterie et exploitation forestière
2023,Yukon,0,Fabrication du papier
2023,Yukon,55,Activités de soutien à la foresterie
2023,Yukon,0,Fabrication de produits en bois
2024,Canada,31110,Foresterie et exploitation forestière
2024,Canada,49785,Fabrication du papier
2024,Canada,23455,Activités de soutien à la foresterie
2024,Canada,89690,Fabrication de produits en bois
2024,Alberta,3650,Foresterie et exploitation forestière
2024,Alberta,3000,Fabrication du papier
2024,Alberta,1845,Activités de soutien à la foresterie
2024,Alberta,10550,Fabrication de produits en bois
2024,Colombie-Britannique,11350,Foresterie et exploitation forestière
2024,Colombie-Britannique,6085,Fabrication du papier
2024,Colombie-Britannique,9030,Activités de soutien à la foresterie
2024,Colombie-Britannique,22985,Fabrication de produits en bois
2024,Manitoba,265,Foresterie et exploitation forestière
2024,Manitoba,1625,Fabrication du papier
2024,Manitoba,445,Activités de soutien à la foresterie
2024,Manitoba,3330,Fabrication de produits en bois
2024,Nouveau-Brunswick,2570,Foresterie et exploitation forestière
2024,Nouveau-Brunswick,2980,Fabrication du papier
2024,Nouveau-Brunswick,920,Activités de soutien à la foresterie
2024,Nouveau-Brunswick,6455,Fabrication de produits en bois
2024,Terre-Neuve-et-Labrador,230,Foresterie et exploitation forestière
2024,Terre-Neuve-et-Labrador,325,Fabrication du papier
2024,Terre-Neuve-et-Labrador,130,Activités de soutien à la foresterie
2024,Terre-Neuve-et-Labrador,565,Fabrication de produits en bois
2024,Territoires du Nord-Ouest,10,Foresterie et exploitation forestière
2024,Territoires du Nord-Ouest,0,Fabrication du papier
2024,Territoires du Nord-Ouest,165,Activités de soutien à la foresterie
2024,Territoires du Nord-Ouest,5,Fabrication de produits en bois
2024,Nouvelle-Écosse,635,Foresterie et exploitation forestière
2024,Nouvelle-Écosse,770,Fabrication du papier
2024,Nouvelle-Écosse,585,Activités de soutien à la foresterie
2024,Nouvelle-Écosse,2075,Fabrication de produits en bois
2024,Nunavut,0,Foresterie et exploitation forestière
2024,Nunavut,0,Fabrication du papier
2024,Nunavut,0,Activités de soutien à la foresterie
2024,Nunavut,0,Fabrication de produits en bois
2024,Ontario,3990,Foresterie et exploitation forestière
2024,Ontario,16360,Fabrication du papier
2024,Ontario,2590,Activités de soutien à la foresterie
2024,Ontario,16295,Fabrication de produits en bois
2024,Île-du-Prince-Édouard,75,Foresterie et exploitation forestière
2024,Île-du-Prince-Édouard,280,Fabrication du papier
2024,Île-du-Prince-Édouard,35,Activités de soutien à la foresterie
2024,Île-du-Prince-Édouard,150,Fabrication de produits en bois
2024,Québec,7785,Foresterie et exploitation forestière
2024,Québec,18150,Fabrication du papier
2024,Québec,6640,Activités de soutien à la foresterie
2024,Québec,25785,Fabrication de produits en bois
2024,Saskatchewan,530,Foresterie et exploitation forestière
2024,Saskatchewan,210,Fabrication du papier
2024,Saskatchewan,1015,Activités de soutien à la foresterie
2024,Saskatchewan,1495,Fabrication de produits en bois
2024,Yukon,20,Foresterie et exploitation forestière
2024,Yukon,0,Fabrication du papier
2024,Yukon,55,Activités de soutien à la foresterie
2024,Yukon,0,Fabrication de produits en bois
