Year,Jurisdiction,Sector,Number of jobs
2000,Canada,Forestry and logging,61600
2000,Canada,Paper manufacturing,106945
2000,Canada,Support activities for forestry,22720
2000,Canada,Wood product manufacturing,158705
2000,Alberta,Forestry and logging,2920
2000,Alberta,Paper manufacturing,4505
2000,Alberta,Support activities for forestry,1895
2000,Alberta,Wood product manufacturing,11400
2000,British Columbia,Forestry and logging,23960
2000,British Columbia,Paper manufacturing,21900
2000,British Columbia,Support activities for forestry,9800
2000,British Columbia,Wood product manufacturing,46110
2000,Manitoba,Forestry and logging,700
2000,Manitoba,Paper manufacturing,2635
2000,Manitoba,Support activities for forestry,605
2000,Manitoba,Wood product manufacturing,5280
2000,New Brunswick,Forestry and logging,5050
2000,New Brunswick,Paper manufacturing,3790
2000,New Brunswick,Support activities for forestry,1320
2000,New Brunswick,Wood product manufacturing,6470
2000,Newfoundland and Labrador,Forestry and logging,1260
2000,Newfoundland and Labrador,Paper manufacturing,1440
2000,Newfoundland and Labrador,Support activities for forestry,280
2000,Newfoundland and Labrador,Wood product manufacturing,650
2000,Northwest Territories,Forestry and logging,50
2000,Northwest Territories,Paper manufacturing,0
2000,Northwest Territories,Support activities for forestry,175
2000,Northwest Territories,Wood product manufacturing,20
2000,Nova Scotia,Forestry and logging,2360
2000,Nova Scotia,Paper manufacturing,2850
2000,Nova Scotia,Support activities for forestry,655
2000,Nova Scotia,Wood product manufacturing,3915
2000,Nunavut,Forestry and logging,0
2000,Nunavut,Paper manufacturing,0
2000,Nunavut,Support activities for forestry,0
2000,Nunavut,Wood product manufacturing,0
2000,Ontario,Forestry and logging,9785
2000,Ontario,Paper manufacturing,35015
2000,Ontario,Support activities for forestry,2355
2000,Ontario,Wood product manufacturing,37040
2000,Prince Edward Island,Forestry and logging,120
2000,Prince Edward Island,Paper manufacturing,65
2000,Prince Edward Island,Support activities for forestry,65
2000,Prince Edward Island,Wood product manufacturing,220
2000,Quebec,Forestry and logging,14375
2000,Quebec,Paper manufacturing,33240
2000,Quebec,Support activities for forestry,4230
2000,Quebec,Wood product manufacturing,45355
2000,Saskatchewan,Forestry and logging,965
2000,Saskatchewan,Paper manufacturing,1505
2000,Saskatchewan,Support activities for forestry,1330
2000,Saskatchewan,Wood product manufacturing,2195
2000,Yukon,Forestry and logging,55
2000,Yukon,Paper manufacturing,0
2000,Yukon,Support activities for forestry,10
2000,Yukon,Wood product manufacturing,50
2001,Canada,Forestry and logging,58715
2001,Canada,Paper manufacturing,103535
2001,Canada,Support activities for forestry,21240
2001,Canada,Wood product manufacturing,149975
2001,Alberta,Forestry and logging,3095
2001,Alberta,Paper manufacturing,3515
2001,Alberta,Support activities for forestry,1745
2001,Alberta,Wood product manufacturing,10700
2001,British Columbia,Forestry and logging,23055
2001,British Columbia,Paper manufacturing,16515
2001,British Columbia,Support activities for forestry,8220
2001,British Columbia,Wood product manufacturing,39840
2001,Manitoba,Forestry and logging,625
2001,Manitoba,Paper manufacturing,3035
2001,Manitoba,Support activities for forestry,725
2001,Manitoba,Wood product manufacturing,4625
2001,New Brunswick,Forestry and logging,4735
2001,New Brunswick,Paper manufacturing,3665
2001,New Brunswick,Support activities for forestry,1295
2001,New Brunswick,Wood product manufacturing,6140
2001,Newfoundland and Labrador,Forestry and logging,1205
2001,Newfoundland and Labrador,Paper manufacturing,1445
2001,Newfoundland and Labrador,Support activities for forestry,280
2001,Newfoundland and Labrador,Wood product manufacturing,810
2001,Northwest Territories,Forestry and logging,30
2001,Northwest Territories,Paper manufacturing,0
2001,Northwest Territories,Support activities for forestry,165
2001,Northwest Territories,Wood product manufacturing,15
2001,Nova Scotia,Forestry and logging,2280
2001,Nova Scotia,Paper manufacturing,2860
2001,Nova Scotia,Support activities for forestry,645
2001,Nova Scotia,Wood product manufacturing,3485
2001,Nunavut,Forestry and logging,0
2001,Nunavut,Paper manufacturing,0
2001,Nunavut,Support activities for forestry,0
2001,Nunavut,Wood product manufacturing,0
2001,Ontario,Forestry and logging,8970
2001,Ontario,Paper manufacturing,36045
2001,Ontario,Support activities for forestry,2430
2001,Ontario,Wood product manufacturing,35950
2001,Prince Edward Island,Forestry and logging,105
2001,Prince Edward Island,Paper manufacturing,70
2001,Prince Edward Island,Support activities for forestry,50
2001,Prince Edward Island,Wood product manufacturing,290
2001,Quebec,Forestry and logging,13525
2001,Quebec,Paper manufacturing,35185
2001,Quebec,Support activities for forestry,4330
2001,Quebec,Wood product manufacturing,46355
2001,Saskatchewan,Forestry and logging,1045
2001,Saskatchewan,Paper manufacturing,1200
2001,Saskatchewan,Support activities for forestry,1345
2001,Saskatchewan,Wood product manufacturing,1730
2001,Yukon,Forestry and logging,45
2001,Yukon,Paper manufacturing,0
2001,Yukon,Support activities for forestry,10
2001,Yukon,Wood product manufacturing,35
2002,Canada,Forestry and logging,59330
2002,Canada,Paper manufacturing,95790
2002,Canada,Support activities for forestry,20935
2002,Canada,Wood product manufacturing,153770
2002,Alberta,Forestry and logging,2930
2002,Alberta,Paper manufacturing,3405
2002,Alberta,Support activities for forestry,1605
2002,Alberta,Wood product manufacturing,12075
2002,British Columbia,Forestry and logging,23800
2002,British Columbia,Paper manufacturing,14130
2002,British Columbia,Support activities for forestry,8085
2002,British Columbia,Wood product manufacturing,41915
2002,Manitoba,Forestry and logging,645
2002,Manitoba,Paper manufacturing,2380
2002,Manitoba,Support activities for forestry,695
2002,Manitoba,Wood product manufacturing,4415
2002,New Brunswick,Forestry and logging,4975
2002,New Brunswick,Paper manufacturing,3925
2002,New Brunswick,Support activities for forestry,1235
2002,New Brunswick,Wood product manufacturing,6100
2002,Newfoundland and Labrador,Forestry and logging,1175
2002,Newfoundland and Labrador,Paper manufacturing,1160
2002,Newfoundland and Labrador,Support activities for forestry,295
2002,Newfoundland and Labrador,Wood product manufacturing,675
2002,Northwest Territories,Forestry and logging,15
2002,Northwest Territories,Paper manufacturing,0
2002,Northwest Territories,Support activities for forestry,175
2002,Northwest Territories,Wood product manufacturing,10
2002,Nova Scotia,Forestry and logging,2300
2002,Nova Scotia,Paper manufacturing,2165
2002,Nova Scotia,Support activities for forestry,680
2002,Nova Scotia,Wood product manufacturing,3350
2002,Nunavut,Forestry and logging,0
2002,Nunavut,Paper manufacturing,0
2002,Nunavut,Support activities for forestry,0
2002,Nunavut,Wood product manufacturing,0
2002,Ontario,Forestry and logging,8595
2002,Ontario,Paper manufacturing,33875
2002,Ontario,Support activities for forestry,2210
2002,Ontario,Wood product manufacturing,35255
2002,Prince Edward Island,Forestry and logging,110
2002,Prince Edward Island,Paper manufacturing,75
2002,Prince Edward Island,Support activities for forestry,55
2002,Prince Edward Island,Wood product manufacturing,305
2002,Quebec,Forestry and logging,13705
2002,Quebec,Paper manufacturing,33330
2002,Quebec,Support activities for forestry,4540
2002,Quebec,Wood product manufacturing,47660
2002,Saskatchewan,Forestry and logging,1035
2002,Saskatchewan,Paper manufacturing,1345
2002,Saskatchewan,Support activities for forestry,1350
2002,Saskatchewan,Wood product manufacturing,1980
2002,Yukon,Forestry and logging,45
2002,Yukon,Paper manufacturing,0
2002,Yukon,Support activities for forestry,10
2002,Yukon,Wood product manufacturing,30
2003,Canada,Forestry and logging,56200
2003,Canada,Paper manufacturing,91515
2003,Canada,Support activities for forestry,21680
2003,Canada,Wood product manufacturing,150480
2003,Alberta,Forestry and logging,2555
2003,Alberta,Paper manufacturing,3500
2003,Alberta,Support activities for forestry,1650
2003,Alberta,Wood product manufacturing,12385
2003,British Columbia,Forestry and logging,22580
2003,British Columbia,Paper manufacturing,12040
2003,British Columbia,Support activities for forestry,7805
2003,British Columbia,Wood product manufacturing,40130
2003,Manitoba,Forestry and logging,625
2003,Manitoba,Paper manufacturing,2205
2003,Manitoba,Support activities for forestry,620
2003,Manitoba,Wood product manufacturing,4940
2003,New Brunswick,Forestry and logging,3945
2003,New Brunswick,Paper manufacturing,3965
2003,New Brunswick,Support activities for forestry,1340
2003,New Brunswick,Wood product manufacturing,6065
2003,Newfoundland and Labrador,Forestry and logging,965
2003,Newfoundland and Labrador,Paper manufacturing,925
2003,Newfoundland and Labrador,Support activities for forestry,300
2003,Newfoundland and Labrador,Wood product manufacturing,580
2003,Northwest Territories,Forestry and logging,15
2003,Northwest Territories,Paper manufacturing,0
2003,Northwest Territories,Support activities for forestry,180
2003,Northwest Territories,Wood product manufacturing,5
2003,Nova Scotia,Forestry and logging,2230
2003,Nova Scotia,Paper manufacturing,1930
2003,Nova Scotia,Support activities for forestry,620
2003,Nova Scotia,Wood product manufacturing,3385
2003,Nunavut,Forestry and logging,0
2003,Nunavut,Paper manufacturing,0
2003,Nunavut,Support activities for forestry,0
2003,Nunavut,Wood product manufacturing,0
2003,Ontario,Forestry and logging,8100
2003,Ontario,Paper manufacturing,34970
2003,Ontario,Support activities for forestry,2685
2003,Ontario,Wood product manufacturing,36010
2003,Prince Edward Island,Forestry and logging,130
2003,Prince Edward Island,Paper manufacturing,60
2003,Prince Edward Island,Support activities for forestry,35
2003,Prince Edward Island,Wood product manufacturing,345
2003,Quebec,Forestry and logging,14030
2003,Quebec,Paper manufacturing,30435
2003,Quebec,Support activities for forestry,5030
2003,Quebec,Wood product manufacturing,44345
2003,Saskatchewan,Forestry and logging,985
2003,Saskatchewan,Paper manufacturing,1485
2003,Saskatchewan,Support activities for forestry,1405
2003,Saskatchewan,Wood product manufacturing,2260
2003,Yukon,Forestry and logging,40
2003,Yukon,Paper manufacturing,0
2003,Yukon,Support activities for forestry,10
2003,Yukon,Wood product manufacturing,30
2004,Canada,Forestry and logging,56610
2004,Canada,Paper manufacturing,90785
2004,Canada,Support activities for forestry,20305
2004,Canada,Wood product manufacturing,161165
2004,Alberta,Forestry and logging,2875
2004,Alberta,Paper manufacturing,3425
2004,Alberta,Support activities for forestry,1920
2004,Alberta,Wood product manufacturing,13655
2004,British Columbia,Forestry and logging,23580
2004,British Columbia,Paper manufacturing,14340
2004,British Columbia,Support activities for forestry,6775
2004,British Columbia,Wood product manufacturing,46495
2004,Manitoba,Forestry and logging,595
2004,Manitoba,Paper manufacturing,2080
2004,Manitoba,Support activities for forestry,605
2004,Manitoba,Wood product manufacturing,5430
2004,New Brunswick,Forestry and logging,3630
2004,New Brunswick,Paper manufacturing,4175
2004,New Brunswick,Support activities for forestry,1305
2004,New Brunswick,Wood product manufacturing,6020
2004,Newfoundland and Labrador,Forestry and logging,975
2004,Newfoundland and Labrador,Paper manufacturing,720
2004,Newfoundland and Labrador,Support activities for forestry,290
2004,Newfoundland and Labrador,Wood product manufacturing,585
2004,Northwest Territories,Forestry and logging,10
2004,Northwest Territories,Paper manufacturing,0
2004,Northwest Territories,Support activities for forestry,180
2004,Northwest Territories,Wood product manufacturing,15
2004,Nova Scotia,Forestry and logging,2265
2004,Nova Scotia,Paper manufacturing,2210
2004,Nova Scotia,Support activities for forestry,635
2004,Nova Scotia,Wood product manufacturing,3385
2004,Nunavut,Forestry and logging,0
2004,Nunavut,Paper manufacturing,0
2004,Nunavut,Support activities for forestry,0
2004,Nunavut,Wood product manufacturing,0
2004,Ontario,Forestry and logging,7980
2004,Ontario,Paper manufacturing,33880
2004,Ontario,Support activities for forestry,2230
2004,Ontario,Wood product manufacturing,36235
2004,Prince Edward Island,Forestry and logging,80
2004,Prince Edward Island,Paper manufacturing,105
2004,Prince Edward Island,Support activities for forestry,25
2004,Prince Edward Island,Wood product manufacturing,330
2004,Quebec,Forestry and logging,13740
2004,Quebec,Paper manufacturing,28235
2004,Quebec,Support activities for forestry,5000
2004,Quebec,Wood product manufacturing,45445
2004,Saskatchewan,Forestry and logging,850
2004,Saskatchewan,Paper manufacturing,1615
2004,Saskatchewan,Support activities for forestry,1330
2004,Saskatchewan,Wood product manufacturing,3555
2004,Yukon,Forestry and logging,30
2004,Yukon,Paper manufacturing,0
2004,Yukon,Support activities for forestry,10
2004,Yukon,Wood product manufacturing,15
2005,Canada,Forestry and logging,56710
2005,Canada,Paper manufacturing,90845
2005,Canada,Support activities for forestry,20405
2005,Canada,Wood product manufacturing,152745
2005,Alberta,Forestry and logging,2885
2005,Alberta,Paper manufacturing,3370
2005,Alberta,Support activities for forestry,1870
2005,Alberta,Wood product manufacturing,12350
2005,British Columbia,Forestry and logging,23515
2005,British Columbia,Paper manufacturing,15255
2005,British Columbia,Support activities for forestry,6735
2005,British Columbia,Wood product manufacturing,43690
2005,Manitoba,Forestry and logging,595
2005,Manitoba,Paper manufacturing,2060
2005,Manitoba,Support activities for forestry,600
2005,Manitoba,Wood product manufacturing,5040
2005,New Brunswick,Forestry and logging,3410
2005,New Brunswick,Paper manufacturing,2650
2005,New Brunswick,Support activities for forestry,1250
2005,New Brunswick,Wood product manufacturing,6185
2005,Newfoundland and Labrador,Forestry and logging,885
2005,Newfoundland and Labrador,Paper manufacturing,665
2005,Newfoundland and Labrador,Support activities for forestry,270
2005,Newfoundland and Labrador,Wood product manufacturing,540
2005,Northwest Territories,Forestry and logging,15
2005,Northwest Territories,Paper manufacturing,0
2005,Northwest Territories,Support activities for forestry,165
2005,Northwest Territories,Wood product manufacturing,10
2005,Nova Scotia,Forestry and logging,2170
2005,Nova Scotia,Paper manufacturing,2185
2005,Nova Scotia,Support activities for forestry,600
2005,Nova Scotia,Wood product manufacturing,3320
2005,Nunavut,Forestry and logging,0
2005,Nunavut,Paper manufacturing,0
2005,Nunavut,Support activities for forestry,0
2005,Nunavut,Wood product manufacturing,0
2005,Ontario,Forestry and logging,8555
2005,Ontario,Paper manufacturing,32675
2005,Ontario,Support activities for forestry,2605
2005,Ontario,Wood product manufacturing,34315
2005,Prince Edward Island,Forestry and logging,65
2005,Prince Edward Island,Paper manufacturing,125
2005,Prince Edward Island,Support activities for forestry,15
2005,Prince Edward Island,Wood product manufacturing,360
2005,Quebec,Forestry and logging,13895
2005,Quebec,Paper manufacturing,30385
2005,Quebec,Support activities for forestry,5125
2005,Quebec,Wood product manufacturing,43540
2005,Saskatchewan,Forestry and logging,695
2005,Saskatchewan,Paper manufacturing,1475
2005,Saskatchewan,Support activities for forestry,1160
2005,Saskatchewan,Wood product manufacturing,3370
2005,Yukon,Forestry and logging,25
2005,Yukon,Paper manufacturing,0
2005,Yukon,Support activities for forestry,10
2005,Yukon,Wood product manufacturing,25
2006,Canada,Forestry and logging,49960
2006,Canada,Paper manufacturing,83915
2006,Canada,Support activities for forestry,21435
2006,Canada,Wood product manufacturing,135690
2006,Alberta,Forestry and logging,3025
2006,Alberta,Paper manufacturing,3625
2006,Alberta,Support activities for forestry,1990
2006,Alberta,Wood product manufacturing,12480
2006,British Columbia,Forestry and logging,18815
2006,British Columbia,Paper manufacturing,14715
2006,British Columbia,Support activities for forestry,7625
2006,British Columbia,Wood product manufacturing,37855
2006,Manitoba,Forestry and logging,575
2006,Manitoba,Paper manufacturing,1710
2006,Manitoba,Support activities for forestry,570
2006,Manitoba,Wood product manufacturing,4455
2006,New Brunswick,Forestry and logging,3195
2006,New Brunswick,Paper manufacturing,2770
2006,New Brunswick,Support activities for forestry,1245
2006,New Brunswick,Wood product manufacturing,5390
2006,Newfoundland and Labrador,Forestry and logging,840
2006,Newfoundland and Labrador,Paper manufacturing,1020
2006,Newfoundland and Labrador,Support activities for forestry,260
2006,Newfoundland and Labrador,Wood product manufacturing,460
2006,Northwest Territories,Forestry and logging,15
2006,Northwest Territories,Paper manufacturing,0
2006,Northwest Territories,Support activities for forestry,180
2006,Northwest Territories,Wood product manufacturing,0
2006,Nova Scotia,Forestry and logging,1890
2006,Nova Scotia,Paper manufacturing,1860
2006,Nova Scotia,Support activities for forestry,515
2006,Nova Scotia,Wood product manufacturing,3540
2006,Nunavut,Forestry and logging,0
2006,Nunavut,Paper manufacturing,0
2006,Nunavut,Support activities for forestry,0
2006,Nunavut,Wood product manufacturing,0
2006,Ontario,Forestry and logging,7695
2006,Ontario,Paper manufacturing,29315
2006,Ontario,Support activities for forestry,2590
2006,Ontario,Wood product manufacturing,30555
2006,Prince Edward Island,Forestry and logging,65
2006,Prince Edward Island,Paper manufacturing,120
2006,Prince Edward Island,Support activities for forestry,10
2006,Prince Edward Island,Wood product manufacturing,385
2006,Quebec,Forestry and logging,13210
2006,Quebec,Paper manufacturing,28475
2006,Quebec,Support activities for forestry,5230
2006,Quebec,Wood product manufacturing,38440
2006,Saskatchewan,Forestry and logging,610
2006,Saskatchewan,Paper manufacturing,305
2006,Saskatchewan,Support activities for forestry,1210
2006,Saskatchewan,Wood product manufacturing,2100
2006,Yukon,Forestry and logging,25
2006,Yukon,Paper manufacturing,0
2006,Yukon,Support activities for forestry,10
2006,Yukon,Wood product manufacturing,30
2007,Canada,Forestry and logging,45110
2007,Canada,Paper manufacturing,78080
2007,Canada,Support activities for forestry,21175
2007,Canada,Wood product manufacturing,114225
2007,Alberta,Forestry and logging,2700
2007,Alberta,Paper manufacturing,3475
2007,Alberta,Support activities for forestry,1940
2007,Alberta,Wood product manufacturing,11255
2007,British Columbia,Forestry and logging,16760
2007,British Columbia,Paper manufacturing,13395
2007,British Columbia,Support activities for forestry,7670
2007,British Columbia,Wood product manufacturing,33560
2007,Manitoba,Forestry and logging,550
2007,Manitoba,Paper manufacturing,1760
2007,Manitoba,Support activities for forestry,575
2007,Manitoba,Wood product manufacturing,4200
2007,New Brunswick,Forestry and logging,3035
2007,New Brunswick,Paper manufacturing,3960
2007,New Brunswick,Support activities for forestry,1240
2007,New Brunswick,Wood product manufacturing,4180
2007,Newfoundland and Labrador,Forestry and logging,795
2007,Newfoundland and Labrador,Paper manufacturing,1005
2007,Newfoundland and Labrador,Support activities for forestry,260
2007,Newfoundland and Labrador,Wood product manufacturing,485
2007,Northwest Territories,Forestry and logging,15
2007,Northwest Territories,Paper manufacturing,0
2007,Northwest Territories,Support activities for forestry,185
2007,Northwest Territories,Wood product manufacturing,0
2007,Nova Scotia,Forestry and logging,1850
2007,Nova Scotia,Paper manufacturing,2490
2007,Nova Scotia,Support activities for forestry,525
2007,Nova Scotia,Wood product manufacturing,2990
2007,Nunavut,Forestry and logging,0
2007,Nunavut,Paper manufacturing,0
2007,Nunavut,Support activities for forestry,0
2007,Nunavut,Wood product manufacturing,0
2007,Ontario,Forestry and logging,7090
2007,Ontario,Paper manufacturing,26445
2007,Ontario,Support activities for forestry,2595
2007,Ontario,Wood product manufacturing,23890
2007,Prince Edward Island,Forestry and logging,55
2007,Prince Edward Island,Paper manufacturing,110
2007,Prince Edward Island,Support activities for forestry,30
2007,Prince Edward Island,Wood product manufacturing,255
2007,Quebec,Forestry and logging,11745
2007,Quebec,Paper manufacturing,25035
2007,Quebec,Support activities for forestry,5000
2007,Quebec,Wood product manufacturing,32010
2007,Saskatchewan,Forestry and logging,495
2007,Saskatchewan,Paper manufacturing,405
2007,Saskatchewan,Support activities for forestry,1145
2007,Saskatchewan,Wood product manufacturing,1385
2007,Yukon,Forestry and logging,20
2007,Yukon,Paper manufacturing,0
2007,Yukon,Support activities for forestry,10
2007,Yukon,Wood product manufacturing,15
2008,Canada,Forestry and logging,42105
2008,Canada,Paper manufacturing,70290
2008,Canada,Support activities for forestry,20765
2008,Canada,Wood product manufacturing,101955
2008,Alberta,Forestry and logging,2540
2008,Alberta,Paper manufacturing,3115
2008,Alberta,Support activities for forestry,1940
2008,Alberta,Wood product manufacturing,9590
2008,British Columbia,Forestry and logging,14060
2008,British Columbia,Paper manufacturing,11535
2008,British Columbia,Support activities for forestry,7480
2008,British Columbia,Wood product manufacturing,28330
2008,Manitoba,Forestry and logging,450
2008,Manitoba,Paper manufacturing,1635
2008,Manitoba,Support activities for forestry,540
2008,Manitoba,Wood product manufacturing,4265
2008,New Brunswick,Forestry and logging,2835
2008,New Brunswick,Paper manufacturing,3105
2008,New Brunswick,Support activities for forestry,1045
2008,New Brunswick,Wood product manufacturing,4105
2008,Newfoundland and Labrador,Forestry and logging,675
2008,Newfoundland and Labrador,Paper manufacturing,995
2008,Newfoundland and Labrador,Support activities for forestry,215
2008,Newfoundland and Labrador,Wood product manufacturing,420
2008,Northwest Territories,Forestry and logging,15
2008,Northwest Territories,Paper manufacturing,0
2008,Northwest Territories,Support activities for forestry,190
2008,Northwest Territories,Wood product manufacturing,0
2008,Nova Scotia,Forestry and logging,1735
2008,Nova Scotia,Paper manufacturing,2320
2008,Nova Scotia,Support activities for forestry,595
2008,Nova Scotia,Wood product manufacturing,3365
2008,Nunavut,Forestry and logging,0
2008,Nunavut,Paper manufacturing,0
2008,Nunavut,Support activities for forestry,0
2008,Nunavut,Wood product manufacturing,0
2008,Ontario,Forestry and logging,6215
2008,Ontario,Paper manufacturing,24420
2008,Ontario,Support activities for forestry,2595
2008,Ontario,Wood product manufacturing,20670
2008,Prince Edward Island,Forestry and logging,45
2008,Prince Edward Island,Paper manufacturing,105
2008,Prince Edward Island,Support activities for forestry,20
2008,Prince Edward Island,Wood product manufacturing,230
2008,Quebec,Forestry and logging,13095
2008,Quebec,Paper manufacturing,22865
2008,Quebec,Support activities for forestry,4930
2008,Quebec,Wood product manufacturing,29750
2008,Saskatchewan,Forestry and logging,420
2008,Saskatchewan,Paper manufacturing,195
2008,Saskatchewan,Support activities for forestry,1205
2008,Saskatchewan,Wood product manufacturing,1215
2008,Yukon,Forestry and logging,20
2008,Yukon,Paper manufacturing,0
2008,Yukon,Support activities for forestry,10
2008,Yukon,Wood product manufacturing,15
2009,Canada,Forestry and logging,35045
2009,Canada,Paper manufacturing,64945
2009,Canada,Support activities for forestry,22045
2009,Canada,Wood product manufacturing,88000
2009,Alberta,Forestry and logging,2320
2009,Alberta,Paper manufacturing,2735
2009,Alberta,Support activities for forestry,1875
2009,Alberta,Wood product manufacturing,9020
2009,British Columbia,Forestry and logging,10155
2009,British Columbia,Paper manufacturing,10075
2009,British Columbia,Support activities for forestry,7240
2009,British Columbia,Wood product manufacturing,23180
2009,Manitoba,Forestry and logging,350
2009,Manitoba,Paper manufacturing,1435
2009,Manitoba,Support activities for forestry,555
2009,Manitoba,Wood product manufacturing,3450
2009,New Brunswick,Forestry and logging,3020
2009,New Brunswick,Paper manufacturing,2640
2009,New Brunswick,Support activities for forestry,940
2009,New Brunswick,Wood product manufacturing,3815
2009,Newfoundland and Labrador,Forestry and logging,510
2009,Newfoundland and Labrador,Paper manufacturing,645
2009,Newfoundland and Labrador,Support activities for forestry,200
2009,Newfoundland and Labrador,Wood product manufacturing,395
2009,Northwest Territories,Forestry and logging,10
2009,Northwest Territories,Paper manufacturing,0
2009,Northwest Territories,Support activities for forestry,170
2009,Northwest Territories,Wood product manufacturing,0
2009,Nova Scotia,Forestry and logging,1410
2009,Nova Scotia,Paper manufacturing,1810
2009,Nova Scotia,Support activities for forestry,680
2009,Nova Scotia,Wood product manufacturing,3200
2009,Nunavut,Forestry and logging,0
2009,Nunavut,Paper manufacturing,0
2009,Nunavut,Support activities for forestry,0
2009,Nunavut,Wood product manufacturing,0
2009,Ontario,Forestry and logging,4620
2009,Ontario,Paper manufacturing,22775
2009,Ontario,Support activities for forestry,3040
2009,Ontario,Wood product manufacturing,17385
2009,Prince Edward Island,Forestry and logging,40
2009,Prince Edward Island,Paper manufacturing,120
2009,Prince Edward Island,Support activities for forestry,20
2009,Prince Edward Island,Wood product manufacturing,160
2009,Quebec,Forestry and logging,12250
2009,Quebec,Paper manufacturing,22380
2009,Quebec,Support activities for forestry,6120
2009,Quebec,Wood product manufacturing,26065
2009,Saskatchewan,Forestry and logging,340
2009,Saskatchewan,Paper manufacturing,330
2009,Saskatchewan,Support activities for forestry,1195
2009,Saskatchewan,Wood product manufacturing,1305
2009,Yukon,Forestry and logging,20
2009,Yukon,Paper manufacturing,0
2009,Yukon,Support activities for forestry,10
2009,Yukon,Wood product manufacturing,25
2010,Canada,Forestry and logging,34890
2010,Canada,Paper manufacturing,65040
2010,Canada,Support activities for forestry,20415
2010,Canada,Wood product manufacturing,91745
2010,Alberta,Forestry and logging,2235
2010,Alberta,Paper manufacturing,2865
2010,Alberta,Support activities for forestry,1575
2010,Alberta,Wood product manufacturing,9445
2010,British Columbia,Forestry and logging,11280
2010,British Columbia,Paper manufacturing,9795
2010,British Columbia,Support activities for forestry,6070
2010,British Columbia,Wood product manufacturing,23785
2010,Manitoba,Forestry and logging,330
2010,Manitoba,Paper manufacturing,1515
2010,Manitoba,Support activities for forestry,565
2010,Manitoba,Wood product manufacturing,2445
2010,New Brunswick,Forestry and logging,3125
2010,New Brunswick,Paper manufacturing,2915
2010,New Brunswick,Support activities for forestry,1020
2010,New Brunswick,Wood product manufacturing,3935
2010,Newfoundland and Labrador,Forestry and logging,445
2010,Newfoundland and Labrador,Paper manufacturing,495
2010,Newfoundland and Labrador,Support activities for forestry,170
2010,Newfoundland and Labrador,Wood product manufacturing,435
2010,Northwest Territories,Forestry and logging,10
2010,Northwest Territories,Paper manufacturing,0
2010,Northwest Territories,Support activities for forestry,165
2010,Northwest Territories,Wood product manufacturing,0
2010,Nova Scotia,Forestry and logging,1400
2010,Nova Scotia,Paper manufacturing,2175
2010,Nova Scotia,Support activities for forestry,660
2010,Nova Scotia,Wood product manufacturing,2865
2010,Nunavut,Forestry and logging,0
2010,Nunavut,Paper manufacturing,0
2010,Nunavut,Support activities for forestry,0
2010,Nunavut,Wood product manufacturing,0
2010,Ontario,Forestry and logging,4665
2010,Ontario,Paper manufacturing,21595
2010,Ontario,Support activities for forestry,2920
2010,Ontario,Wood product manufacturing,17515
2010,Prince Edward Island,Forestry and logging,40
2010,Prince Edward Island,Paper manufacturing,115
2010,Prince Edward Island,Support activities for forestry,25
2010,Prince Edward Island,Wood product manufacturing,95
2010,Quebec,Forestry and logging,10950
2010,Quebec,Paper manufacturing,23245
2010,Quebec,Support activities for forestry,6155
2010,Quebec,Wood product manufacturing,29875
2010,Saskatchewan,Forestry and logging,385
2010,Saskatchewan,Paper manufacturing,325
2010,Saskatchewan,Support activities for forestry,1080
2010,Saskatchewan,Wood product manufacturing,1315
2010,Yukon,Forestry and logging,25
2010,Yukon,Paper manufacturing,0
2010,Yukon,Support activities for forestry,10
2010,Yukon,Wood product manufacturing,35
2011,Canada,Forestry and logging,36360
2011,Canada,Paper manufacturing,61335
2011,Canada,Support activities for forestry,21375
2011,Canada,Wood product manufacturing,88100
2011,Alberta,Forestry and logging,2625
2011,Alberta,Paper manufacturing,2835
2011,Alberta,Support activities for forestry,1510
2011,Alberta,Wood product manufacturing,10000
2011,British Columbia,Forestry and logging,12480
2011,British Columbia,Paper manufacturing,9605
2011,British Columbia,Support activities for forestry,6765
2011,British Columbia,Wood product manufacturing,23785
2011,Manitoba,Forestry and logging,345
2011,Manitoba,Paper manufacturing,1435
2011,Manitoba,Support activities for forestry,495
2011,Manitoba,Wood product manufacturing,2540
2011,New Brunswick,Forestry and logging,2835
2011,New Brunswick,Paper manufacturing,2705
2011,New Brunswick,Support activities for forestry,890
2011,New Brunswick,Wood product manufacturing,4020
2011,Newfoundland and Labrador,Forestry and logging,485
2011,Newfoundland and Labrador,Paper manufacturing,480
2011,Newfoundland and Labrador,Support activities for forestry,195
2011,Newfoundland and Labrador,Wood product manufacturing,410
2011,Northwest Territories,Forestry and logging,10
2011,Northwest Territories,Paper manufacturing,0
2011,Northwest Territories,Support activities for forestry,180
2011,Northwest Territories,Wood product manufacturing,10
2011,Nova Scotia,Forestry and logging,1200
2011,Nova Scotia,Paper manufacturing,1915
2011,Nova Scotia,Support activities for forestry,585
2011,Nova Scotia,Wood product manufacturing,2015
2011,Nunavut,Forestry and logging,0
2011,Nunavut,Paper manufacturing,0
2011,Nunavut,Support activities for forestry,0
2011,Nunavut,Wood product manufacturing,0
2011,Ontario,Forestry and logging,5035
2011,Ontario,Paper manufacturing,20305
2011,Ontario,Support activities for forestry,3730
2011,Ontario,Wood product manufacturing,16115
2011,Prince Edward Island,Forestry and logging,50
2011,Prince Edward Island,Paper manufacturing,155
2011,Prince Edward Island,Support activities for forestry,25
2011,Prince Edward Island,Wood product manufacturing,100
2011,Quebec,Forestry and logging,10960
2011,Quebec,Paper manufacturing,21625
2011,Quebec,Support activities for forestry,5985
2011,Quebec,Wood product manufacturing,27730
2011,Saskatchewan,Forestry and logging,310
2011,Saskatchewan,Paper manufacturing,275
2011,Saskatchewan,Support activities for forestry,1000
2011,Saskatchewan,Wood product manufacturing,1330
2011,Yukon,Forestry and logging,25
2011,Yukon,Paper manufacturing,0
2011,Yukon,Support activities for forestry,15
2011,Yukon,Wood product manufacturing,45
2012,Canada,Forestry and logging,33075
2012,Canada,Paper manufacturing,58785
2012,Canada,Support activities for forestry,20035
2012,Canada,Wood product manufacturing,90760
2012,Alberta,Forestry and logging,2865
2012,Alberta,Paper manufacturing,2790
2012,Alberta,Support activities for forestry,1460
2012,Alberta,Wood product manufacturing,10180
2012,British Columbia,Forestry and logging,12405
2012,British Columbia,Paper manufacturing,8915
2012,British Columbia,Support activities for forestry,6770
2012,British Columbia,Wood product manufacturing,26155
2012,Manitoba,Forestry and logging,335
2012,Manitoba,Paper manufacturing,1420
2012,Manitoba,Support activities for forestry,475
2012,Manitoba,Wood product manufacturing,2545
2012,New Brunswick,Forestry and logging,2480
2012,New Brunswick,Paper manufacturing,2820
2012,New Brunswick,Support activities for forestry,890
2012,New Brunswick,Wood product manufacturing,4025
2012,Newfoundland and Labrador,Forestry and logging,380
2012,Newfoundland and Labrador,Paper manufacturing,395
2012,Newfoundland and Labrador,Support activities for forestry,190
2012,Newfoundland and Labrador,Wood product manufacturing,420
2012,Northwest Territories,Forestry and logging,10
2012,Northwest Territories,Paper manufacturing,0
2012,Northwest Territories,Support activities for forestry,165
2012,Northwest Territories,Wood product manufacturing,10
2012,Nova Scotia,Forestry and logging,975
2012,Nova Scotia,Paper manufacturing,1125
2012,Nova Scotia,Support activities for forestry,445
2012,Nova Scotia,Wood product manufacturing,1890
2012,Nunavut,Forestry and logging,0
2012,Nunavut,Paper manufacturing,0
2012,Nunavut,Support activities for forestry,0
2012,Nunavut,Wood product manufacturing,0
2012,Ontario,Forestry and logging,4345
2012,Ontario,Paper manufacturing,20210
2012,Ontario,Support activities for forestry,3405
2012,Ontario,Wood product manufacturing,16310
2012,Prince Edward Island,Forestry and logging,45
2012,Prince Edward Island,Paper manufacturing,190
2012,Prince Edward Island,Support activities for forestry,25
2012,Prince Edward Island,Wood product manufacturing,105
2012,Quebec,Forestry and logging,8870
2012,Quebec,Paper manufacturing,20650
2012,Quebec,Support activities for forestry,5290
2012,Quebec,Wood product manufacturing,27690
2012,Saskatchewan,Forestry and logging,340
2012,Saskatchewan,Paper manufacturing,270
2012,Saskatchewan,Support activities for forestry,905
2012,Saskatchewan,Wood product manufacturing,1390
2012,Yukon,Forestry and logging,25
2012,Yukon,Paper manufacturing,0
2012,Yukon,Support activities for forestry,15
2012,Yukon,Wood product manufacturing,40
2013,Canada,Forestry and logging,33565
2013,Canada,Paper manufacturing,59090
2013,Canada,Support activities for forestry,20320
2013,Canada,Wood product manufacturing,94790
2013,Alberta,Forestry and logging,2665
2013,Alberta,Paper manufacturing,2990
2013,Alberta,Support activities for forestry,1450
2013,Alberta,Wood product manufacturing,10270
2013,British Columbia,Forestry and logging,12535
2013,British Columbia,Paper manufacturing,9250
2013,British Columbia,Support activities for forestry,6890
2013,British Columbia,Wood product manufacturing,27280
2013,Manitoba,Forestry and logging,330
2013,Manitoba,Paper manufacturing,1150
2013,Manitoba,Support activities for forestry,485
2013,Manitoba,Wood product manufacturing,2645
2013,New Brunswick,Forestry and logging,2670
2013,New Brunswick,Paper manufacturing,3020
2013,New Brunswick,Support activities for forestry,1005
2013,New Brunswick,Wood product manufacturing,4055
2013,Newfoundland and Labrador,Forestry and logging,360
2013,Newfoundland and Labrador,Paper manufacturing,255
2013,Newfoundland and Labrador,Support activities for forestry,170
2013,Newfoundland and Labrador,Wood product manufacturing,385
2013,Northwest Territories,Forestry and logging,10
2013,Northwest Territories,Paper manufacturing,0
2013,Northwest Territories,Support activities for forestry,140
2013,Northwest Territories,Wood product manufacturing,5
2013,Nova Scotia,Forestry and logging,985
2013,Nova Scotia,Paper manufacturing,985
2013,Nova Scotia,Support activities for forestry,470
2013,Nova Scotia,Wood product manufacturing,1875
2013,Nunavut,Forestry and logging,0
2013,Nunavut,Paper manufacturing,0
2013,Nunavut,Support activities for forestry,0
2013,Nunavut,Wood product manufacturing,0
2013,Ontario,Forestry and logging,4355
2013,Ontario,Paper manufacturing,20535
2013,Ontario,Support activities for forestry,3305
2013,Ontario,Wood product manufacturing,17340
2013,Prince Edward Island,Forestry and logging,50
2013,Prince Edward Island,Paper manufacturing,205
2013,Prince Edward Island,Support activities for forestry,30
2013,Prince Edward Island,Wood product manufacturing,115
2013,Quebec,Forestry and logging,9230
2013,Quebec,Paper manufacturing,20470
2013,Quebec,Support activities for forestry,5495
2013,Quebec,Wood product manufacturing,29155
2013,Saskatchewan,Forestry and logging,345
2013,Saskatchewan,Paper manufacturing,230
2013,Saskatchewan,Support activities for forestry,865
2013,Saskatchewan,Wood product manufacturing,1635
2013,Yukon,Forestry and logging,30
2013,Yukon,Paper manufacturing,0
2013,Yukon,Support activities for forestry,15
2013,Yukon,Wood product manufacturing,30
2014,Canada,Forestry and logging,32450
2014,Canada,Paper manufacturing,58150
2014,Canada,Support activities for forestry,20555
2014,Canada,Wood product manufacturing,93575
2014,Alberta,Forestry and logging,2480
2014,Alberta,Paper manufacturing,3040
2014,Alberta,Support activities for forestry,1595
2014,Alberta,Wood product manufacturing,9925
2014,British Columbia,Forestry and logging,13165
2014,British Columbia,Paper manufacturing,8250
2014,British Columbia,Support activities for forestry,6880
2014,British Columbia,Wood product manufacturing,26690
2014,Manitoba,Forestry and logging,315
2014,Manitoba,Paper manufacturing,1250
2014,Manitoba,Support activities for forestry,520
2014,Manitoba,Wood product manufacturing,2485
2014,New Brunswick,Forestry and logging,2795
2014,New Brunswick,Paper manufacturing,3260
2014,New Brunswick,Support activities for forestry,1000
2014,New Brunswick,Wood product manufacturing,4925
2014,Newfoundland and Labrador,Forestry and logging,410
2014,Newfoundland and Labrador,Paper manufacturing,325
2014,Newfoundland and Labrador,Support activities for forestry,160
2014,Newfoundland and Labrador,Wood product manufacturing,360
2014,Northwest Territories,Forestry and logging,5
2014,Northwest Territories,Paper manufacturing,0
2014,Northwest Territories,Support activities for forestry,150
2014,Northwest Territories,Wood product manufacturing,15
2014,Nova Scotia,Forestry and logging,1010
2014,Nova Scotia,Paper manufacturing,1150
2014,Nova Scotia,Support activities for forestry,460
2014,Nova Scotia,Wood product manufacturing,1945
2014,Nunavut,Forestry and logging,0
2014,Nunavut,Paper manufacturing,0
2014,Nunavut,Support activities for forestry,0
2014,Nunavut,Wood product manufacturing,0
2014,Ontario,Forestry and logging,3880
2014,Ontario,Paper manufacturing,18920
2014,Ontario,Support activities for forestry,3235
2014,Ontario,Wood product manufacturing,16955
2014,Prince Edward Island,Forestry and logging,50
2014,Prince Edward Island,Paper manufacturing,260
2014,Prince Edward Island,Support activities for forestry,40
2014,Prince Edward Island,Wood product manufacturing,140
2014,Quebec,Forestry and logging,7895
2014,Quebec,Paper manufacturing,21450
2014,Quebec,Support activities for forestry,5595
2014,Quebec,Wood product manufacturing,28550
2014,Saskatchewan,Forestry and logging,420
2014,Saskatchewan,Paper manufacturing,245
2014,Saskatchewan,Support activities for forestry,910
2014,Saskatchewan,Wood product manufacturing,1545
2014,Yukon,Forestry and logging,25
2014,Yukon,Paper manufacturing,0
2014,Yukon,Support activities for forestry,10
2014,Yukon,Wood product manufacturing,40
2015,Canada,Forestry and logging,32855
2015,Canada,Paper manufacturing,57775
2015,Canada,Support activities for forestry,20795
2015,Canada,Wood product manufacturing,95150
2015,Alberta,Forestry and logging,2720
2015,Alberta,Paper manufacturing,3080
2015,Alberta,Support activities for forestry,1670
2015,Alberta,Wood product manufacturing,9655
2015,British Columbia,Forestry and logging,12640
2015,British Columbia,Paper manufacturing,7935
2015,British Columbia,Support activities for forestry,7135
2015,British Columbia,Wood product manufacturing,26440
2015,Manitoba,Forestry and logging,290
2015,Manitoba,Paper manufacturing,1245
2015,Manitoba,Support activities for forestry,510
2015,Manitoba,Wood product manufacturing,2265
2015,New Brunswick,Forestry and logging,2760
2015,New Brunswick,Paper manufacturing,3100
2015,New Brunswick,Support activities for forestry,970
2015,New Brunswick,Wood product manufacturing,5115
2015,Newfoundland and Labrador,Forestry and logging,475
2015,Newfoundland and Labrador,Paper manufacturing,345
2015,Newfoundland and Labrador,Support activities for forestry,155
2015,Newfoundland and Labrador,Wood product manufacturing,355
2015,Northwest Territories,Forestry and logging,5
2015,Northwest Territories,Paper manufacturing,0
2015,Northwest Territories,Support activities for forestry,150
2015,Northwest Territories,Wood product manufacturing,5
2015,Nova Scotia,Forestry and logging,985
2015,Nova Scotia,Paper manufacturing,1290
2015,Nova Scotia,Support activities for forestry,495
2015,Nova Scotia,Wood product manufacturing,1825
2015,Nunavut,Forestry and logging,0
2015,Nunavut,Paper manufacturing,0
2015,Nunavut,Support activities for forestry,0
2015,Nunavut,Wood product manufacturing,0
2015,Ontario,Forestry and logging,4070
2015,Ontario,Paper manufacturing,18495
2015,Ontario,Support activities for forestry,3295
2015,Ontario,Wood product manufacturing,17300
2015,Prince Edward Island,Forestry and logging,55
2015,Prince Edward Island,Paper manufacturing,295
2015,Prince Edward Island,Support activities for forestry,40
2015,Prince Edward Island,Wood product manufacturing,110
2015,Quebec,Forestry and logging,8380
2015,Quebec,Paper manufacturing,21715
2015,Quebec,Support activities for forestry,5475
2015,Quebec,Wood product manufacturing,30370
2015,Saskatchewan,Forestry and logging,445
2015,Saskatchewan,Paper manufacturing,275
2015,Saskatchewan,Support activities for forestry,885
2015,Saskatchewan,Wood product manufacturing,1680
2015,Yukon,Forestry and logging,30
2015,Yukon,Paper manufacturing,0
2015,Yukon,Support activities for forestry,15
2015,Yukon,Wood product manufacturing,30
2016,Canada,Forestry and logging,34120
2016,Canada,Paper manufacturing,54815
2016,Canada,Support activities for forestry,21515
2016,Canada,Wood product manufacturing,100315
2016,Alberta,Forestry and logging,2980
2016,Alberta,Paper manufacturing,3080
2016,Alberta,Support activities for forestry,1750
2016,Alberta,Wood product manufacturing,10150
2016,British Columbia,Forestry and logging,13405
2016,British Columbia,Paper manufacturing,7850
2016,British Columbia,Support activities for forestry,7845
2016,British Columbia,Wood product manufacturing,28970
2016,Manitoba,Forestry and logging,245
2016,Manitoba,Paper manufacturing,1270
2016,Manitoba,Support activities for forestry,535
2016,Manitoba,Wood product manufacturing,2495
2016,New Brunswick,Forestry and logging,2895
2016,New Brunswick,Paper manufacturing,3035
2016,New Brunswick,Support activities for forestry,930
2016,New Brunswick,Wood product manufacturing,5410
2016,Newfoundland and Labrador,Forestry and logging,445
2016,Newfoundland and Labrador,Paper manufacturing,345
2016,Newfoundland and Labrador,Support activities for forestry,150
2016,Newfoundland and Labrador,Wood product manufacturing,420
2016,Northwest Territories,Forestry and logging,5
2016,Northwest Territories,Paper manufacturing,0
2016,Northwest Territories,Support activities for forestry,150
2016,Northwest Territories,Wood product manufacturing,5
2016,Nova Scotia,Forestry and logging,910
2016,Nova Scotia,Paper manufacturing,1255
2016,Nova Scotia,Support activities for forestry,540
2016,Nova Scotia,Wood product manufacturing,1910
2016,Nunavut,Forestry and logging,0
2016,Nunavut,Paper manufacturing,0
2016,Nunavut,Support activities for forestry,0
2016,Nunavut,Wood product manufacturing,0
2016,Ontario,Forestry and logging,4325
2016,Ontario,Paper manufacturing,17900
2016,Ontario,Support activities for forestry,3235
2016,Ontario,Wood product manufacturing,17360
2016,Prince Edward Island,Forestry and logging,80
2016,Prince Edward Island,Paper manufacturing,275
2016,Prince Edward Island,Support activities for forestry,45
2016,Prince Edward Island,Wood product manufacturing,140
2016,Quebec,Forestry and logging,8350
2016,Quebec,Paper manufacturing,19520
2016,Quebec,Support activities for forestry,5420
2016,Quebec,Wood product manufacturing,31685
2016,Saskatchewan,Forestry and logging,445
2016,Saskatchewan,Paper manufacturing,285
2016,Saskatchewan,Support activities for forestry,895
2016,Saskatchewan,Wood product manufacturing,1765
2016,Yukon,Forestry and logging,35
2016,Yukon,Paper manufacturing,0
2016,Yukon,Support activities for forestry,20
2016,Yukon,Wood product manufacturing,5
2017,Canada,Forestry and logging,33415
2017,Canada,Paper manufacturing,57940
2017,Canada,Support activities for forestry,21765
2017,Canada,Wood product manufacturing,103490
2017,Alberta,Forestry and logging,3070
2017,Alberta,Paper manufacturing,2730
2017,Alberta,Support activities for forestry,1750
2017,Alberta,Wood product manufacturing,9305
2017,British Columbia,Forestry and logging,13190
2017,British Columbia,Paper manufacturing,8525
2017,British Columbia,Support activities for forestry,7795
2017,British Columbia,Wood product manufacturing,29930
2017,Manitoba,Forestry and logging,280
2017,Manitoba,Paper manufacturing,1300
2017,Manitoba,Support activities for forestry,485
2017,Manitoba,Wood product manufacturing,2495
2017,New Brunswick,Forestry and logging,2705
2017,New Brunswick,Paper manufacturing,3095
2017,New Brunswick,Support activities for forestry,935
2017,New Brunswick,Wood product manufacturing,5735
2017,Newfoundland and Labrador,Forestry and logging,315
2017,Newfoundland and Labrador,Paper manufacturing,360
2017,Newfoundland and Labrador,Support activities for forestry,150
2017,Newfoundland and Labrador,Wood product manufacturing,390
2017,Northwest Territories,Forestry and logging,5
2017,Northwest Territories,Paper manufacturing,0
2017,Northwest Territories,Support activities for forestry,170
2017,Northwest Territories,Wood product manufacturing,5
2017,Nova Scotia,Forestry and logging,800
2017,Nova Scotia,Paper manufacturing,1290
2017,Nova Scotia,Support activities for forestry,540
2017,Nova Scotia,Wood product manufacturing,1875
2017,Nunavut,Forestry and logging,0
2017,Nunavut,Paper manufacturing,0
2017,Nunavut,Support activities for forestry,0
2017,Nunavut,Wood product manufacturing,0
2017,Ontario,Forestry and logging,4250
2017,Ontario,Paper manufacturing,19290
2017,Ontario,Support activities for forestry,3090
2017,Ontario,Wood product manufacturing,18410
2017,Prince Edward Island,Forestry and logging,70
2017,Prince Edward Island,Paper manufacturing,315
2017,Prince Edward Island,Support activities for forestry,40
2017,Prince Edward Island,Wood product manufacturing,150
2017,Quebec,Forestry and logging,8300
2017,Quebec,Paper manufacturing,20735
2017,Quebec,Support activities for forestry,5885
2017,Quebec,Wood product manufacturing,33420
2017,Saskatchewan,Forestry and logging,400
2017,Saskatchewan,Paper manufacturing,300
2017,Saskatchewan,Support activities for forestry,900
2017,Saskatchewan,Wood product manufacturing,1770
2017,Yukon,Forestry and logging,30
2017,Yukon,Paper manufacturing,0
2017,Yukon,Support activities for forestry,25
2017,Yukon,Wood product manufacturing,5
2018,Canada,Forestry and logging,34205
2018,Canada,Paper manufacturing,58320
2018,Canada,Support activities for forestry,22155
2018,Canada,Wood product manufacturing,102130
2018,Alberta,Forestry and logging,3190
2018,Alberta,Paper manufacturing,2855
2018,Alberta,Support activities for forestry,1745
2018,Alberta,Wood product manufacturing,9475
2018,British Columbia,Forestry and logging,13825
2018,British Columbia,Paper manufacturing,8765
2018,British Columbia,Support activities for forestry,8460
2018,British Columbia,Wood product manufacturing,29530
2018,Manitoba,Forestry and logging,280
2018,Manitoba,Paper manufacturing,1330
2018,Manitoba,Support activities for forestry,490
2018,Manitoba,Wood product manufacturing,2430
2018,New Brunswick,Forestry and logging,2505
2018,New Brunswick,Paper manufacturing,3100
2018,New Brunswick,Support activities for forestry,970
2018,New Brunswick,Wood product manufacturing,5660
2018,Newfoundland and Labrador,Forestry and logging,310
2018,Newfoundland and Labrador,Paper manufacturing,340
2018,Newfoundland and Labrador,Support activities for forestry,155
2018,Newfoundland and Labrador,Wood product manufacturing,410
2018,Northwest Territories,Forestry and logging,5
2018,Northwest Territories,Paper manufacturing,0
2018,Northwest Territories,Support activities for forestry,165
2018,Northwest Territories,Wood product manufacturing,5
2018,Nova Scotia,Forestry and logging,800
2018,Nova Scotia,Paper manufacturing,1270
2018,Nova Scotia,Support activities for forestry,470
2018,Nova Scotia,Wood product manufacturing,1615
2018,Nunavut,Forestry and logging,0
2018,Nunavut,Paper manufacturing,0
2018,Nunavut,Support activities for forestry,0
2018,Nunavut,Wood product manufacturing,0
2018,Ontario,Forestry and logging,4130
2018,Ontario,Paper manufacturing,19415
2018,Ontario,Support activities for forestry,2690
2018,Ontario,Wood product manufacturing,18190
2018,Prince Edward Island,Forestry and logging,65
2018,Prince Edward Island,Paper manufacturing,315
2018,Prince Edward Island,Support activities for forestry,50
2018,Prince Edward Island,Wood product manufacturing,160
2018,Quebec,Forestry and logging,8685
2018,Quebec,Paper manufacturing,20630
2018,Quebec,Support activities for forestry,6025
2018,Quebec,Wood product manufacturing,32845
2018,Saskatchewan,Forestry and logging,380
2018,Saskatchewan,Paper manufacturing,300
2018,Saskatchewan,Support activities for forestry,905
2018,Saskatchewan,Wood product manufacturing,1805
2018,Yukon,Forestry and logging,30
2018,Yukon,Paper manufacturing,0
2018,Yukon,Support activities for forestry,30
2018,Yukon,Wood product manufacturing,5
2019,Canada,Forestry and logging,32630
2019,Canada,Paper manufacturing,55325
2019,Canada,Support activities for forestry,22720
2019,Canada,Wood product manufacturing,100250
2019,Alberta,Forestry and logging,3000
2019,Alberta,Paper manufacturing,2460
2019,Alberta,Support activities for forestry,1950
2019,Alberta,Wood product manufacturing,9390
2019,British Columbia,Forestry and logging,13245
2019,British Columbia,Paper manufacturing,8635
2019,British Columbia,Support activities for forestry,8915
2019,British Columbia,Wood product manufacturing,28315
2019,Manitoba,Forestry and logging,265
2019,Manitoba,Paper manufacturing,1360
2019,Manitoba,Support activities for forestry,445
2019,Manitoba,Wood product manufacturing,2505
2019,New Brunswick,Forestry and logging,2465
2019,New Brunswick,Paper manufacturing,3020
2019,New Brunswick,Support activities for forestry,905
2019,New Brunswick,Wood product manufacturing,5585
2019,Newfoundland and Labrador,Forestry and logging,265
2019,Newfoundland and Labrador,Paper manufacturing,330
2019,Newfoundland and Labrador,Support activities for forestry,155
2019,Newfoundland and Labrador,Wood product manufacturing,395
2019,Northwest Territories,Forestry and logging,10
2019,Northwest Territories,Paper manufacturing,0
2019,Northwest Territories,Support activities for forestry,175
2019,Northwest Territories,Wood product manufacturing,5
2019,Nova Scotia,Forestry and logging,790
2019,Nova Scotia,Paper manufacturing,1275
2019,Nova Scotia,Support activities for forestry,495
2019,Nova Scotia,Wood product manufacturing,1675
2019,Nunavut,Forestry and logging,0
2019,Nunavut,Paper manufacturing,0
2019,Nunavut,Support activities for forestry,0
2019,Nunavut,Wood product manufacturing,0
2019,Ontario,Forestry and logging,3900
2019,Ontario,Paper manufacturing,18425
2019,Ontario,Support activities for forestry,2575
2019,Ontario,Wood product manufacturing,17640
2019,Prince Edward Island,Forestry and logging,70
2019,Prince Edward Island,Paper manufacturing,310
2019,Prince Edward Island,Support activities for forestry,55
2019,Prince Edward Island,Wood product manufacturing,145
2019,Quebec,Forestry and logging,8210
2019,Quebec,Paper manufacturing,19185
2019,Quebec,Support activities for forestry,6055
2019,Quebec,Wood product manufacturing,32755
2019,Saskatchewan,Forestry and logging,380
2019,Saskatchewan,Paper manufacturing,325
2019,Saskatchewan,Support activities for forestry,940
2019,Saskatchewan,Wood product manufacturing,1840
2019,Yukon,Forestry and logging,30
2019,Yukon,Paper manufacturing,0
2019,Yukon,Support activities for forestry,55
2019,Yukon,Wood product manufacturing,0
2020,Canada,Forestry and logging,29245
2020,Canada,Paper manufacturing,50255
2020,Canada,Support activities for forestry,21085
2020,Canada,Wood product manufacturing,89660
2020,Alberta,Forestry and logging,3165
2020,Alberta,Paper manufacturing,2690
2020,Alberta,Support activities for forestry,1625
2020,Alberta,Wood product manufacturing,8845
2020,British Columbia,Forestry and logging,11045
2020,British Columbia,Paper manufacturing,6840
2020,British Columbia,Support activities for forestry,8515
2020,British Columbia,Wood product manufacturing,24050
2020,Manitoba,Forestry and logging,260
2020,Manitoba,Paper manufacturing,1375
2020,Manitoba,Support activities for forestry,435
2020,Manitoba,Wood product manufacturing,2125
2020,New Brunswick,Forestry and logging,2645
2020,New Brunswick,Paper manufacturing,2930
2020,New Brunswick,Support activities for forestry,910
2020,New Brunswick,Wood product manufacturing,5775
2020,Newfoundland and Labrador,Forestry and logging,250
2020,Newfoundland and Labrador,Paper manufacturing,290
2020,Newfoundland and Labrador,Support activities for forestry,150
2020,Newfoundland and Labrador,Wood product manufacturing,385
2020,Northwest Territories,Forestry and logging,10
2020,Northwest Territories,Paper manufacturing,0
2020,Northwest Territories,Support activities for forestry,175
2020,Northwest Territories,Wood product manufacturing,10
2020,Nova Scotia,Forestry and logging,675
2020,Nova Scotia,Paper manufacturing,1060
2020,Nova Scotia,Support activities for forestry,475
2020,Nova Scotia,Wood product manufacturing,1565
2020,Nunavut,Forestry and logging,0
2020,Nunavut,Paper manufacturing,0
2020,Nunavut,Support activities for forestry,0
2020,Nunavut,Wood product manufacturing,0
2020,Ontario,Forestry and logging,3685
2020,Ontario,Paper manufacturing,16850
2020,Ontario,Support activities for forestry,2320
2020,Ontario,Wood product manufacturing,16170
2020,Prince Edward Island,Forestry and logging,70
2020,Prince Edward Island,Paper manufacturing,305
2020,Prince Edward Island,Support activities for forestry,40
2020,Prince Edward Island,Wood product manufacturing,160
2020,Quebec,Forestry and logging,7035
2020,Quebec,Paper manufacturing,17625
2020,Quebec,Support activities for forestry,5470
2020,Quebec,Wood product manufacturing,29065
2020,Saskatchewan,Forestry and logging,375
2020,Saskatchewan,Paper manufacturing,290
2020,Saskatchewan,Support activities for forestry,930
2020,Saskatchewan,Wood product manufacturing,1510
2020,Yukon,Forestry and logging,30
2020,Yukon,Paper manufacturing,0
2020,Yukon,Support activities for forestry,40
2020,Yukon,Wood product manufacturing,0
2021,Canada,Forestry and logging,32175
2021,Canada,Paper manufacturing,51870
2021,Canada,Support activities for forestry,22400
2021,Canada,Wood product manufacturing,100575
2021,Alberta,Forestry and logging,3650
2021,Alberta,Paper manufacturing,2850
2021,Alberta,Support activities for forestry,1750
2021,Alberta,Wood product manufacturing,10130
2021,British Columbia,Forestry and logging,12525
2021,British Columbia,Paper manufacturing,6565
2021,British Columbia,Support activities for forestry,9110
2021,British Columbia,Wood product manufacturing,26490
2021,Manitoba,Forestry and logging,280
2021,Manitoba,Paper manufacturing,1535
2021,Manitoba,Support activities for forestry,455
2021,Manitoba,Wood product manufacturing,2650
2021,New Brunswick,Forestry and logging,2765
2021,New Brunswick,Paper manufacturing,3010
2021,New Brunswick,Support activities for forestry,825
2021,New Brunswick,Wood product manufacturing,6455
2021,Newfoundland and Labrador,Forestry and logging,265
2021,Newfoundland and Labrador,Paper manufacturing,290
2021,Newfoundland and Labrador,Support activities for forestry,140
2021,Newfoundland and Labrador,Wood product manufacturing,695
2021,Northwest Territories,Forestry and logging,5
2021,Northwest Territories,Paper manufacturing,0
2021,Northwest Territories,Support activities for forestry,185
2021,Northwest Territories,Wood product manufacturing,15
2021,Nova Scotia,Forestry and logging,685
2021,Nova Scotia,Paper manufacturing,915
2021,Nova Scotia,Support activities for forestry,495
2021,Nova Scotia,Wood product manufacturing,1900
2021,Nunavut,Forestry and logging,0
2021,Nunavut,Paper manufacturing,0
2021,Nunavut,Support activities for forestry,0
2021,Nunavut,Wood product manufacturing,0
2021,Ontario,Forestry and logging,3790
2021,Ontario,Paper manufacturing,17610
2021,Ontario,Support activities for forestry,2360
2021,Ontario,Wood product manufacturing,19055
2021,Prince Edward Island,Forestry and logging,75
2021,Prince Edward Island,Paper manufacturing,285
2021,Prince Edward Island,Support activities for forestry,45
2021,Prince Edward Island,Wood product manufacturing,145
2021,Quebec,Forestry and logging,7640
2021,Quebec,Paper manufacturing,18540
2021,Quebec,Support activities for forestry,5985
2021,Quebec,Wood product manufacturing,31460
2021,Saskatchewan,Forestry and logging,475
2021,Saskatchewan,Paper manufacturing,270
2021,Saskatchewan,Support activities for forestry,1005
2021,Saskatchewan,Wood product manufacturing,1580
2021,Yukon,Forestry and logging,20
2021,Yukon,Paper manufacturing,0
2021,Yukon,Support activities for forestry,45
2021,Yukon,Wood product manufacturing,0
2022,Canada,Forestry and logging,31245
2022,Canada,Paper manufacturing,52670
2022,Canada,Support activities for forestry,22135
2022,Canada,Wood product manufacturing,100345
2022,Alberta,Forestry and logging,3295
2022,Alberta,Paper manufacturing,2925
2022,Alberta,Support activities for forestry,1740
2022,Alberta,Wood product manufacturing,10775
2022,British Columbia,Forestry and logging,11875
2022,British Columbia,Paper manufacturing,6675
2022,British Columbia,Support activities for forestry,8780
2022,British Columbia,Wood product manufacturing,24850
2022,Manitoba,Forestry and logging,295
2022,Manitoba,Paper manufacturing,1610
2022,Manitoba,Support activities for forestry,425
2022,Manitoba,Wood product manufacturing,3175
2022,New Brunswick,Forestry and logging,2585
2022,New Brunswick,Paper manufacturing,2980
2022,New Brunswick,Support activities for forestry,825
2022,New Brunswick,Wood product manufacturing,6800
2022,Newfoundland and Labrador,Forestry and logging,255
2022,Newfoundland and Labrador,Paper manufacturing,345
2022,Newfoundland and Labrador,Support activities for forestry,135
2022,Newfoundland and Labrador,Wood product manufacturing,700
2022,Northwest Territories,Forestry and logging,10
2022,Northwest Territories,Paper manufacturing,0
2022,Northwest Territories,Support activities for forestry,180
2022,Northwest Territories,Wood product manufacturing,5
2022,Nova Scotia,Forestry and logging,655
2022,Nova Scotia,Paper manufacturing,895
2022,Nova Scotia,Support activities for forestry,480
2022,Nova Scotia,Wood product manufacturing,2035
2022,Nunavut,Forestry and logging,0
2022,Nunavut,Paper manufacturing,0
2022,Nunavut,Support activities for forestry,0
2022,Nunavut,Wood product manufacturing,0
2022,Ontario,Forestry and logging,3660
2022,Ontario,Paper manufacturing,17800
2022,Ontario,Support activities for forestry,2370
2022,Ontario,Wood product manufacturing,18740
2022,Prince Edward Island,Forestry and logging,75
2022,Prince Edward Island,Paper manufacturing,270
2022,Prince Edward Island,Support activities for forestry,40
2022,Prince Edward Island,Wood product manufacturing,140
2022,Quebec,Forestry and logging,8015
2022,Quebec,Paper manufacturing,18910
2022,Quebec,Support activities for forestry,6075
2022,Quebec,Wood product manufacturing,31525
2022,Saskatchewan,Forestry and logging,500
2022,Saskatchewan,Paper manufacturing,260
2022,Saskatchewan,Support activities for forestry,1045
2022,Saskatchewan,Wood product manufacturing,1600
2022,Yukon,Forestry and logging,25
2022,Yukon,Paper manufacturing,0
2022,Yukon,Support activities for forestry,40
2022,Yukon,Wood product manufacturing,0
2023,Canada,Forestry and logging,31655
2023,Canada,Paper manufacturing,51165
2023,Canada,Support activities for forestry,23600
2023,Canada,Wood product manufacturing,92775
2023,Alberta,Forestry and logging,3585
2023,Alberta,Paper manufacturing,2795
2023,Alberta,Support activities for forestry,1825
2023,Alberta,Wood product manufacturing,10490
2023,British Columbia,Forestry and logging,11415
2023,British Columbia,Paper manufacturing,6460
2023,British Columbia,Support activities for forestry,9080
2023,British Columbia,Wood product manufacturing,23250
2023,Manitoba,Forestry and logging,290
2023,Manitoba,Paper manufacturing,1625
2023,Manitoba,Support activities for forestry,420
2023,Manitoba,Wood product manufacturing,3265
2023,New Brunswick,Forestry and logging,2650
2023,New Brunswick,Paper manufacturing,2920
2023,New Brunswick,Support activities for forestry,875
2023,New Brunswick,Wood product manufacturing,6305
2023,Newfoundland and Labrador,Forestry and logging,245
2023,Newfoundland and Labrador,Paper manufacturing,340
2023,Newfoundland and Labrador,Support activities for forestry,125
2023,Newfoundland and Labrador,Wood product manufacturing,590
2023,Northwest Territories,Forestry and logging,15
2023,Northwest Territories,Paper manufacturing,0
2023,Northwest Territories,Support activities for forestry,175
2023,Northwest Territories,Wood product manufacturing,5
2023,Nova Scotia,Forestry and logging,635
2023,Nova Scotia,Paper manufacturing,765
2023,Nova Scotia,Support activities for forestry,525
2023,Nova Scotia,Wood product manufacturing,1955
2023,Nunavut,Forestry and logging,0
2023,Nunavut,Paper manufacturing,0
2023,Nunavut,Support activities for forestry,0
2023,Nunavut,Wood product manufacturing,0
2023,Ontario,Forestry and logging,4095
2023,Ontario,Paper manufacturing,17150
2023,Ontario,Support activities for forestry,2725
2023,Ontario,Wood product manufacturing,17445
2023,Prince Edward Island,Forestry and logging,80
2023,Prince Edward Island,Paper manufacturing,260
2023,Prince Edward Island,Support activities for forestry,40
2023,Prince Edward Island,Wood product manufacturing,135
2023,Quebec,Forestry and logging,8060
2023,Quebec,Paper manufacturing,18635
2023,Quebec,Support activities for forestry,6720
2023,Quebec,Wood product manufacturing,27935
2023,Saskatchewan,Forestry and logging,565
2023,Saskatchewan,Paper manufacturing,215
2023,Saskatchewan,Support activities for forestry,1035
2023,Saskatchewan,Wood product manufacturing,1400
2023,Yukon,Forestry and logging,20
2023,Yukon,Paper manufacturing,0
2023,Yukon,Support activities for forestry,55
2023,Yukon,Wood product manufacturing,0
2024,Canada,Forestry and logging,31110
2024,Canada,Paper manufacturing,49785
2024,Canada,Support activities for forestry,23455
2024,Canada,Wood product manufacturing,89690
2024,Alberta,Forestry and logging,3650
2024,Alberta,Paper manufacturing,3000
2024,Alberta,Support activities for forestry,1845
2024,Alberta,Wood product manufacturing,10550
2024,British Columbia,Forestry and logging,11350
2024,British Columbia,Paper manufacturing,6085
2024,British Columbia,Support activities for forestry,9030
2024,British Columbia,Wood product manufacturing,22985
2024,Manitoba,Forestry and logging,265
2024,Manitoba,Paper manufacturing,1625
2024,Manitoba,Support activities for forestry,445
2024,Manitoba,Wood product manufacturing,3330
2024,New Brunswick,Forestry and logging,2570
2024,New Brunswick,Paper manufacturing,2980
2024,New Brunswick,Support activities for forestry,920
2024,New Brunswick,Wood product manufacturing,6455
2024,Newfoundland and Labrador,Forestry and logging,230
2024,Newfoundland and Labrador,Paper manufacturing,325
2024,Newfoundland and Labrador,Support activities for forestry,130
2024,Newfoundland and Labrador,Wood product manufacturing,565
2024,Northwest Territories,Forestry and logging,10
2024,Northwest Territories,Paper manufacturing,0
2024,Northwest Territories,Support activities for forestry,165
2024,Northwest Territories,Wood product manufacturing,5
2024,Nova Scotia,Forestry and logging,635
2024,Nova Scotia,Paper manufacturing,770
2024,Nova Scotia,Support activities for forestry,585
2024,Nova Scotia,Wood product manufacturing,2075
2024,Nunavut,Forestry and logging,0
2024,Nunavut,Paper manufacturing,0
2024,Nunavut,Support activities for forestry,0
2024,Nunavut,Wood product manufacturing,0
2024,Ontario,Forestry and logging,3990
2024,Ontario,Paper manufacturing,16360
2024,Ontario,Support activities for forestry,2590
2024,Ontario,Wood product manufacturing,16295
2024,Prince Edward Island,Forestry and logging,75
2024,Prince Edward Island,Paper manufacturing,280
2024,Prince Edward Island,Support activities for forestry,35
2024,Prince Edward Island,Wood product manufacturing,150
2024,Quebec,Forestry and logging,7785
2024,Quebec,Paper manufacturing,18150
2024,Quebec,Support activities for forestry,6640
2024,Quebec,Wood product manufacturing,25785
2024,Saskatchewan,Forestry and logging,530
2024,Saskatchewan,Paper manufacturing,210
2024,Saskatchewan,Support activities for forestry,1015
2024,Saskatchewan,Wood product manufacturing,1495
2024,Yukon,Forestry and logging,20
2024,Yukon,Paper manufacturing,0
2024,Yukon,Support activities for forestry,55
2024,Yukon,Wood product manufacturing,0
